[debug] [2025-12-01T22:43:01.871Z] ----------------------------------------------------------------------
[debug] [2025-12-01T22:43:01.880Z] Command:       /Users/leonardoribeiro/.nvm/versions/node/v22.21.1/bin/node /opt/homebrew/bin/firebase deploy --only functions
[debug] [2025-12-01T22:43:01.880Z] CLI Version:   14.22.0
[debug] [2025-12-01T22:43:01.880Z] Platform:      darwin
[debug] [2025-12-01T22:43:01.880Z] Node Version:  v22.21.1
[debug] [2025-12-01T22:43:01.881Z] Time:          Mon Dec 01 2025 19:43:01 GMT-0300 (Horário Padrão de Brasília)
[debug] [2025-12-01T22:43:01.881Z] ----------------------------------------------------------------------
[debug] 
[debug] [2025-12-01T22:43:02.097Z] > command requires scopes: ["email","openid","https://www.googleapis.com/auth/cloudplatformprojects.readonly","https://www.googleapis.com/auth/firebase","https://www.googleapis.com/auth/cloud-platform"]
[debug] [2025-12-01T22:43:02.098Z] > authorizing via signed-in user (blutecnologiasbr@gmail.com)
[debug] [2025-12-01T22:43:02.098Z] [iam] checking project cm-aquiraz for permissions ["cloudfunctions.functions.create","cloudfunctions.functions.delete","cloudfunctions.functions.get","cloudfunctions.functions.list","cloudfunctions.functions.update","cloudfunctions.operations.get","firebase.projects.get"]
[debug] [2025-12-01T22:43:02.099Z] Checked if tokens are valid: true, expires at: 1764630839878
[debug] [2025-12-01T22:43:02.099Z] Checked if tokens are valid: true, expires at: 1764630839878
[debug] [2025-12-01T22:43:02.100Z] >>> [apiv2][query] POST https://cloudresourcemanager.googleapis.com/v1/projects/cm-aquiraz:testIamPermissions [none]
[debug] [2025-12-01T22:43:02.100Z] >>> [apiv2][(partial)header] POST https://cloudresourcemanager.googleapis.com/v1/projects/cm-aquiraz:testIamPermissions x-goog-quota-user=projects/cm-aquiraz
[debug] [2025-12-01T22:43:02.100Z] >>> [apiv2][body] POST https://cloudresourcemanager.googleapis.com/v1/projects/cm-aquiraz:testIamPermissions {"permissions":["cloudfunctions.functions.create","cloudfunctions.functions.delete","cloudfunctions.functions.get","cloudfunctions.functions.list","cloudfunctions.functions.update","cloudfunctions.operations.get","firebase.projects.get"]}
[debug] [2025-12-01T22:43:03.144Z] <<< [apiv2][status] POST https://cloudresourcemanager.googleapis.com/v1/projects/cm-aquiraz:testIamPermissions 200
[debug] [2025-12-01T22:43:03.145Z] <<< [apiv2][body] POST https://cloudresourcemanager.googleapis.com/v1/projects/cm-aquiraz:testIamPermissions {"permissions":["cloudfunctions.functions.create","cloudfunctions.functions.delete","cloudfunctions.functions.get","cloudfunctions.functions.list","cloudfunctions.functions.update","cloudfunctions.operations.get","firebase.projects.get"]}
[debug] [2025-12-01T22:43:03.145Z] Checked if tokens are valid: true, expires at: 1764630839878
[debug] [2025-12-01T22:43:03.145Z] Checked if tokens are valid: true, expires at: 1764630839878
[debug] [2025-12-01T22:43:03.145Z] >>> [apiv2][query] POST https://iam.googleapis.com/v1/projects/cm-aquiraz/serviceAccounts/cm-aquiraz@appspot.gserviceaccount.com:testIamPermissions [none]
[debug] [2025-12-01T22:43:03.145Z] >>> [apiv2][body] POST https://iam.googleapis.com/v1/projects/cm-aquiraz/serviceAccounts/cm-aquiraz@appspot.gserviceaccount.com:testIamPermissions {"permissions":["iam.serviceAccounts.actAs"]}
[debug] [2025-12-01T22:43:04.230Z] <<< [apiv2][status] POST https://iam.googleapis.com/v1/projects/cm-aquiraz/serviceAccounts/cm-aquiraz@appspot.gserviceaccount.com:testIamPermissions 404
[debug] [2025-12-01T22:43:04.230Z] <<< [apiv2][body] POST https://iam.googleapis.com/v1/projects/cm-aquiraz/serviceAccounts/cm-aquiraz@appspot.gserviceaccount.com:testIamPermissions {"error":{"code":404,"message":"Unknown service account","status":"NOT_FOUND"}}
[debug] [2025-12-01T22:43:04.230Z] [functions] service account IAM check errored, deploy may fail: Request to https://iam.googleapis.com/v1/projects/cm-aquiraz/serviceAccounts/cm-aquiraz@appspot.gserviceaccount.com:testIamPermissions had HTTP Error: 404, Unknown service account {"name":"FirebaseError","children":[],"context":{"body":{"error":{"code":404,"message":"Unknown service account","status":"NOT_FOUND"}},"response":{"statusCode":404}},"exit":1,"message":"Request to https://iam.googleapis.com/v1/projects/cm-aquiraz/serviceAccounts/cm-aquiraz@appspot.gserviceaccount.com:testIamPermissions had HTTP Error: 404, Unknown service account","status":404}
[info] 
[info] === Deploying to 'cm-aquiraz'...
[info] 
[info] i  deploying functions 
[info] Running command: npm --prefix "$RESOURCE_DIR" run lint
[info] ✔  functions: Finished running predeploy script. 
[debug] [2025-12-01T22:43:05.129Z] Checked if tokens are valid: true, expires at: 1764630839878
[debug] [2025-12-01T22:43:05.129Z] Checked if tokens are valid: true, expires at: 1764630839878
[debug] [2025-12-01T22:43:05.129Z] >>> [apiv2][query] GET https://cloudresourcemanager.googleapis.com/v1/projects/cm-aquiraz [none]
[debug] [2025-12-01T22:43:05.379Z] <<< [apiv2][status] GET https://cloudresourcemanager.googleapis.com/v1/projects/cm-aquiraz 200
[debug] [2025-12-01T22:43:05.379Z] <<< [apiv2][body] GET https://cloudresourcemanager.googleapis.com/v1/projects/cm-aquiraz {"projectNumber":"911998115784","projectId":"cm-aquiraz","lifecycleState":"ACTIVE","name":"cm-aquiraz","labels":{"firebase":"enabled","firebase-core":"disabled"},"createTime":"2025-12-01T12:39:13.329135Z"}
[info] i  functions: preparing codebase default for deployment 
[info] i  functions: ensuring required API cloudfunctions.googleapis.com is enabled... 
[info] i  functions: ensuring required API cloudbuild.googleapis.com is enabled... 
[info] i  artifactregistry: ensuring required API artifactregistry.googleapis.com is enabled... 
[debug] [2025-12-01T22:43:05.382Z] Checked if tokens are valid: true, expires at: 1764630839878
[debug] [2025-12-01T22:43:05.382Z] Checked if tokens are valid: true, expires at: 1764630839878
[debug] [2025-12-01T22:43:05.382Z] >>> [apiv2][query] GET https://firebase.googleapis.com/v1beta1/projects/cm-aquiraz/adminSdkConfig [none]
[debug] [2025-12-01T22:43:06.005Z] <<< [apiv2][status] GET https://firebase.googleapis.com/v1beta1/projects/cm-aquiraz/adminSdkConfig 200
[debug] [2025-12-01T22:43:06.005Z] <<< [apiv2][body] GET https://firebase.googleapis.com/v1beta1/projects/cm-aquiraz/adminSdkConfig {"projectId":"cm-aquiraz","databaseURL":"https://cm-aquiraz-default-rtdb.firebaseio.com","storageBucket":"cm-aquiraz.firebasestorage.app"}
[debug] [2025-12-01T22:43:06.006Z] Validating nodejs source
[warn] ⚠  functions: package.json indicates an outdated version of firebase-functions. Please upgrade using npm install --save firebase-functions@latest in your functions directory. 
[warn] ⚠  functions: Please note that there will be breaking changes when you upgrade. 
[debug] [2025-12-01T22:43:06.600Z] > [functions] package.json contents: {
  "name": "functions",
  "description": "Cloud Functions for Firebase",
  "scripts": {
    "lint": "eslint .",
    "serve": "firebase emulators:start --only functions",
    "shell": "firebase functions:shell",
    "start": "npm run shell",
    "deploy": "firebase deploy --only functions",
    "logs": "firebase functions:log"
  },
  "engines": {
    "node": "22"
  },
  "main": "index.js",
  "dependencies": {
    "firebase-admin": "^12.6.0",
    "firebase-functions": "^6.0.1"
  },
  "devDependencies": {
    "eslint": "^8.15.0",
    "eslint-config-google": "^0.14.0",
    "firebase-functions-test": "^3.1.0"
  },
  "private": true
}
[debug] [2025-12-01T22:43:06.600Z] Building nodejs source
[info] i  functions: Loading and analyzing source code for codebase default to determine what to deploy 
[debug] [2025-12-01T22:43:06.601Z] Could not find functions.yaml. Must use http discovery
[debug] [2025-12-01T22:43:06.610Z] Found firebase-functions binary at '/Users/leonardoribeiro/Documents/BluTecnologias/Developer/BluAppCamaraAquiraz/functions/node_modules/.bin/firebase-functions'
[info] Serving at port 8294

[debug] [2025-12-01T22:43:07.009Z] Got response from /__/functions.yaml {"endpoints":{"sendPanicNotification":{"availableMemoryMb":null,"timeoutSeconds":null,"minInstances":null,"maxInstances":null,"ingressSettings":null,"concurrency":null,"serviceAccountEmail":null,"vpc":null,"platform":"gcfv2","labels":{},"eventTrigger":{"eventType":"google.firebase.database.ref.v1.created","eventFilters":{},"eventFilterPathPatterns":{"ref":"notifications/{notificationId}","instance":"*"},"retry":false},"entryPoint":"sendPanicNotification"},"sendPushNotification":{"availableMemoryMb":null,"timeoutSeconds":null,"minInstances":null,"maxInstances":null,"ingressSettings":null,"concurrency":null,"serviceAccountEmail":null,"vpc":null,"platform":"gcfv2","labels":{},"httpsTrigger":{},"entryPoint":"sendPushNotification"}},"specVersion":"v1alpha1","requiredAPIs":[],"extensions":{}}
[info] i  extensions: ensuring required API firebaseextensions.googleapis.com is enabled... 
[debug] [2025-12-01T22:43:11.029Z] > command requires scopes: ["email","openid","https://www.googleapis.com/auth/cloudplatformprojects.readonly","https://www.googleapis.com/auth/firebase","https://www.googleapis.com/auth/cloud-platform"]
[debug] [2025-12-01T22:43:11.029Z] > authorizing via signed-in user (blutecnologiasbr@gmail.com)
[debug] [2025-12-01T22:43:11.029Z] [iam] checking project cm-aquiraz for permissions ["firebase.projects.get","firebaseextensions.instances.list"]
[debug] [2025-12-01T22:43:11.030Z] Checked if tokens are valid: true, expires at: 1764630839878
[debug] [2025-12-01T22:43:11.030Z] Checked if tokens are valid: true, expires at: 1764630839878
[debug] [2025-12-01T22:43:11.030Z] >>> [apiv2][query] POST https://cloudresourcemanager.googleapis.com/v1/projects/cm-aquiraz:testIamPermissions [none]
[debug] [2025-12-01T22:43:11.030Z] >>> [apiv2][(partial)header] POST https://cloudresourcemanager.googleapis.com/v1/projects/cm-aquiraz:testIamPermissions x-goog-quota-user=projects/cm-aquiraz
[debug] [2025-12-01T22:43:11.030Z] >>> [apiv2][body] POST https://cloudresourcemanager.googleapis.com/v1/projects/cm-aquiraz:testIamPermissions {"permissions":["firebase.projects.get","firebaseextensions.instances.list"]}
[debug] [2025-12-01T22:43:12.046Z] <<< [apiv2][status] POST https://cloudresourcemanager.googleapis.com/v1/projects/cm-aquiraz:testIamPermissions 200
[debug] [2025-12-01T22:43:12.046Z] <<< [apiv2][body] POST https://cloudresourcemanager.googleapis.com/v1/projects/cm-aquiraz:testIamPermissions {"permissions":["firebase.projects.get","firebaseextensions.instances.list"]}
[debug] [2025-12-01T22:43:12.046Z] Checked if tokens are valid: true, expires at: 1764630839878
[debug] [2025-12-01T22:43:12.046Z] Checked if tokens are valid: true, expires at: 1764630839878
[debug] [2025-12-01T22:43:12.046Z] >>> [apiv2][query] GET https://firebaseextensions.googleapis.com/v1beta/projects/cm-aquiraz/instances pageSize=100&pageToken=
[debug] [2025-12-01T22:43:13.151Z] <<< [apiv2][status] GET https://firebaseextensions.googleapis.com/v1beta/projects/cm-aquiraz/instances 200
[debug] [2025-12-01T22:43:13.152Z] <<< [apiv2][body] GET https://firebaseextensions.googleapis.com/v1beta/projects/cm-aquiraz/instances {}
[info] i  functions: preparing functions directory for uploading... 
[info] i  functions: packaged /Users/leonardoribeiro/Documents/BluTecnologias/Developer/BluAppCamaraAquiraz/functions (79.09 KB) for uploading 
[debug] [2025-12-01T22:43:13.201Z] Checked if tokens are valid: true, expires at: 1764630839878
[debug] [2025-12-01T22:43:13.201Z] Checked if tokens are valid: true, expires at: 1764630839878
[debug] [2025-12-01T22:43:13.201Z] >>> [apiv2][query] GET https://cloudfunctions.googleapis.com/v1/projects/cm-aquiraz/locations/-/functions [none]
[debug] [2025-12-01T22:43:14.332Z] <<< [apiv2][status] GET https://cloudfunctions.googleapis.com/v1/projects/cm-aquiraz/locations/-/functions 200
[debug] [2025-12-01T22:43:14.332Z] <<< [apiv2][body] GET https://cloudfunctions.googleapis.com/v1/projects/cm-aquiraz/locations/-/functions {}
[debug] [2025-12-01T22:43:14.333Z] Checked if tokens are valid: true, expires at: 1764630839878
[debug] [2025-12-01T22:43:14.333Z] Checked if tokens are valid: true, expires at: 1764630839878
[debug] [2025-12-01T22:43:14.333Z] >>> [apiv2][query] GET https://cloudfunctions.googleapis.com/v2/projects/cm-aquiraz/locations/-/functions filter=environment%3D%22GEN_2%22
[debug] [2025-12-01T22:43:15.628Z] <<< [apiv2][status] GET https://cloudfunctions.googleapis.com/v2/projects/cm-aquiraz/locations/-/functions 200
[debug] [2025-12-01T22:43:15.628Z] <<< [apiv2][body] GET https://cloudfunctions.googleapis.com/v2/projects/cm-aquiraz/locations/-/functions {}
[info] i  functions: ensuring required API run.googleapis.com is enabled... 
[info] i  functions: ensuring required API eventarc.googleapis.com is enabled... 
[info] i  functions: ensuring required API pubsub.googleapis.com is enabled... 
[info] i  functions: ensuring required API storage.googleapis.com is enabled... 
[info] i  functions: generating the service identity for pubsub.googleapis.com... 
[debug] [2025-12-01T22:43:15.630Z] Checked if tokens are valid: true, expires at: 1764630839878
[debug] [2025-12-01T22:43:15.630Z] Checked if tokens are valid: true, expires at: 1764630839878
[info] i  functions: generating the service identity for eventarc.googleapis.com... 
[debug] [2025-12-01T22:43:15.630Z] Checked if tokens are valid: true, expires at: 1764630839878
[debug] [2025-12-01T22:43:15.630Z] Checked if tokens are valid: true, expires at: 1764630839878
[debug] [2025-12-01T22:43:15.630Z] >>> [apiv2][query] POST https://serviceusage.googleapis.com/v1beta1/projects/911998115784/services/pubsub.googleapis.com:generateServiceIdentity [none]
[debug] [2025-12-01T22:43:15.630Z] >>> [apiv2][(partial)header] POST https://serviceusage.googleapis.com/v1beta1/projects/911998115784/services/pubsub.googleapis.com:generateServiceIdentity x-goog-quota-user=projects/911998115784
[debug] [2025-12-01T22:43:15.630Z] >>> [apiv2][body] POST https://serviceusage.googleapis.com/v1beta1/projects/911998115784/services/pubsub.googleapis.com:generateServiceIdentity {}
[debug] [2025-12-01T22:43:15.631Z] >>> [apiv2][query] POST https://serviceusage.googleapis.com/v1beta1/projects/911998115784/services/eventarc.googleapis.com:generateServiceIdentity [none]
[debug] [2025-12-01T22:43:15.631Z] >>> [apiv2][(partial)header] POST https://serviceusage.googleapis.com/v1beta1/projects/911998115784/services/eventarc.googleapis.com:generateServiceIdentity x-goog-quota-user=projects/911998115784
[debug] [2025-12-01T22:43:15.631Z] >>> [apiv2][body] POST https://serviceusage.googleapis.com/v1beta1/projects/911998115784/services/eventarc.googleapis.com:generateServiceIdentity {}
[debug] [2025-12-01T22:43:16.792Z] <<< [apiv2][status] POST https://serviceusage.googleapis.com/v1beta1/projects/911998115784/services/eventarc.googleapis.com:generateServiceIdentity 200
[debug] [2025-12-01T22:43:16.792Z] <<< [apiv2][body] POST https://serviceusage.googleapis.com/v1beta1/projects/911998115784/services/eventarc.googleapis.com:generateServiceIdentity {"name":"operations/finished.DONE_OPERATION","done":true,"response":{"@type":"type.googleapis.com/google.api.serviceusage.v1beta1.ServiceIdentity","email":"service-911998115784@gcp-sa-eventarc.iam.gserviceaccount.com","uniqueId":"114387660761312700304"}}
[debug] [2025-12-01T22:43:17.028Z] <<< [apiv2][status] POST https://serviceusage.googleapis.com/v1beta1/projects/911998115784/services/pubsub.googleapis.com:generateServiceIdentity 200
[debug] [2025-12-01T22:43:17.028Z] <<< [apiv2][body] POST https://serviceusage.googleapis.com/v1beta1/projects/911998115784/services/pubsub.googleapis.com:generateServiceIdentity {"name":"operations/finished.DONE_OPERATION","done":true,"response":{"@type":"type.googleapis.com/google.api.serviceusage.v1beta1.ServiceIdentity","email":"service-911998115784@gcp-sa-pubsub.iam.gserviceaccount.com","uniqueId":"100550521786790598182"}}
[debug] [2025-12-01T22:43:17.030Z] Checked if tokens are valid: true, expires at: 1764630839878
[debug] [2025-12-01T22:43:17.030Z] Checked if tokens are valid: true, expires at: 1764630839878
[debug] [2025-12-01T22:43:17.030Z] >>> [apiv2][query] GET https://compute.googleapis.com/compute/v1/projects/911998115784 [none]
[debug] [2025-12-01T22:43:17.528Z] <<< [apiv2][status] GET https://compute.googleapis.com/compute/v1/projects/911998115784 403
[debug] [2025-12-01T22:43:17.528Z] <<< [apiv2][body] GET https://compute.googleapis.com/compute/v1/projects/911998115784 {"error":{"code":403,"message":"Compute Engine API has not been used in project 911998115784 before or it is disabled. Enable it by visiting https://console.developers.google.com/apis/api/compute.googleapis.com/overview?project=911998115784 then retry. If you enabled this API recently, wait a few minutes for the action to propagate to our systems and retry.","errors":[{"message":"Compute Engine API has not been used in project 911998115784 before or it is disabled. Enable it by visiting https://console.developers.google.com/apis/api/compute.googleapis.com/overview?project=911998115784 then retry. If you enabled this API recently, wait a few minutes for the action to propagate to our systems and retry.","domain":"usageLimits","reason":"accessNotConfigured","extendedHelp":"https://console.developers.google.com"}],"status":"PERMISSION_DENIED","details":[{"@type":"type.googleapis.com/google.rpc.ErrorInfo","reason":"SERVICE_DISABLED","domain":"googleapis.com","metadata":{"service":"compute.googleapis.com","containerInfo":"911998115784","serviceTitle":"Compute Engine API","consumer":"projects/911998115784","activationUrl":"https://console.developers.google.com/apis/api/compute.googleapis.com/overview?project=911998115784"}},{"@type":"type.googleapis.com/google.rpc.LocalizedMessage","locale":"en-US","message":"Compute Engine API has not been used in project 911998115784 before or it is disabled. Enable it by visiting https://console.developers.google.com/apis/api/compute.googleapis.com/overview?project=911998115784 then retry. If you enabled this API recently, wait a few minutes for the action to propagate to our systems and retry."},{"@type":"type.googleapis.com/google.rpc.Help","links":[{"description":"Google developers console API activation","url":"https://console.developers.google.com/apis/api/compute.googleapis.com/overview?project=911998115784"}]}]}}
[debug] [2025-12-01T22:43:17.529Z] unable to look up default compute service account. Falling back to 911998115784-compute@developer.gserviceaccount.com. Error: {"name":"FirebaseError","children":[],"context":{"body":{"error":{"code":403,"message":"Compute Engine API has not been used in project 911998115784 before or it is disabled. Enable it by visiting https://console.developers.google.com/apis/api/compute.googleapis.com/overview?project=911998115784 then retry. If you enabled this API recently, wait a few minutes for the action to propagate to our systems and retry.","errors":[{"message":"Compute Engine API has not been used in project 911998115784 before or it is disabled. Enable it by visiting https://console.developers.google.com/apis/api/compute.googleapis.com/overview?project=911998115784 then retry. If you enabled this API recently, wait a few minutes for the action to propagate to our systems and retry.","domain":"usageLimits","reason":"accessNotConfigured","extendedHelp":"https://console.developers.google.com"}],"status":"PERMISSION_DENIED","details":[{"@type":"type.googleapis.com/google.rpc.ErrorInfo","reason":"SERVICE_DISABLED","domain":"googleapis.com","metadata":{"service":"compute.googleapis.com","containerInfo":"911998115784","serviceTitle":"Compute Engine API","consumer":"projects/911998115784","activationUrl":"https://console.developers.google.com/apis/api/compute.googleapis.com/overview?project=911998115784"}},{"@type":"type.googleapis.com/google.rpc.LocalizedMessage","locale":"en-US","message":"Compute Engine API has not been used in project 911998115784 before or it is disabled. Enable it by visiting https://console.developers.google.com/apis/api/compute.googleapis.com/overview?project=911998115784 then retry. If you enabled this API recently, wait a few minutes for the action to propagate to our systems and retry."},{"@type":"type.googleapis.com/google.rpc.Help","links":[{"description":"Google developers console API activation","url":"https://console.developers.google.com/apis/api/compute.googleapis.com/overview?project=911998115784"}]}]}},"response":{"statusCode":403}},"exit":1,"message":"Request to https://compute.googleapis.com/compute/v1/projects/911998115784 had HTTP Error: 403, Compute Engine API has not been used in project 911998115784 before or it is disabled. Enable it by visiting https://console.developers.google.com/apis/api/compute.googleapis.com/overview?project=911998115784 then retry. If you enabled this API recently, wait a few minutes for the action to propagate to our systems and retry.","status":403}
[debug] [2025-12-01T22:43:17.529Z] Checked if tokens are valid: true, expires at: 1764630839878
[debug] [2025-12-01T22:43:17.529Z] Checked if tokens are valid: true, expires at: 1764630839878
[debug] [2025-12-01T22:43:17.529Z] >>> [apiv2][query] POST https://cloudresourcemanager.googleapis.com/v1/projects/911998115784:getIamPolicy [none]
[debug] [2025-12-01T22:43:18.599Z] <<< [apiv2][status] POST https://cloudresourcemanager.googleapis.com/v1/projects/911998115784:getIamPolicy 200
[debug] [2025-12-01T22:43:18.600Z] <<< [apiv2][body] POST https://cloudresourcemanager.googleapis.com/v1/projects/911998115784:getIamPolicy {"version":1,"etag":"BwZE67FDTwY=","bindings":[{"role":"roles/cloudbuild.builds.builder","members":["serviceAccount:911998115784@cloudbuild.gserviceaccount.com"]},{"role":"roles/cloudbuild.serviceAgent","members":["serviceAccount:service-911998115784@gcp-sa-cloudbuild.iam.gserviceaccount.com"]},{"role":"roles/cloudfunctions.admin","members":["serviceAccount:firebase-adminsdk-fbsvc@cm-aquiraz.iam.gserviceaccount.com"]},{"role":"roles/containerregistry.ServiceAgent","members":["serviceAccount:service-911998115784@containerregistry.iam.gserviceaccount.com"]},{"role":"roles/editor","members":["serviceAccount:911998115784-compute@developer.gserviceaccount.com","serviceAccount:911998115784@cloudservices.gserviceaccount.com"]},{"role":"roles/firebase.managementServiceAgent","members":["serviceAccount:service-911998115784@gcp-sa-firebase.iam.gserviceaccount.com"]},{"role":"roles/firebase.sdkAdminServiceAgent","members":["serviceAccount:firebase-adminsdk-fbsvc@cm-aquiraz.iam.gserviceaccount.com"]},{"role":"roles/firebaseauth.admin","members":["serviceAccount:firebase-adminsdk-fbsvc@cm-aquiraz.iam.gserviceaccount.com"]},{"role":"roles/firebasedatabase.admin","members":["serviceAccount:firebase-adminsdk-fbsvc@cm-aquiraz.iam.gserviceaccount.com"]},{"role":"roles/firebasemods.serviceAgent","members":["serviceAccount:service-911998115784@gcp-sa-firebasemods.iam.gserviceaccount.com"]},{"role":"roles/iam.serviceAccountTokenCreator","members":["serviceAccount:firebase-adminsdk-fbsvc@cm-aquiraz.iam.gserviceaccount.com"]},{"role":"roles/owner","members":["user:blutecnologiasbr@gmail.com"]},{"role":"roles/run.serviceAgent","members":["serviceAccount:service-911998115784@serverless-robot-prod.iam.gserviceaccount.com"]}]}
[debug] [2025-12-01T22:43:18.600Z] Checked if tokens are valid: true, expires at: 1764630839878
[debug] [2025-12-01T22:43:18.600Z] Checked if tokens are valid: true, expires at: 1764630839878
[debug] [2025-12-01T22:43:18.600Z] >>> [apiv2][query] POST https://cloudresourcemanager.googleapis.com/v1/projects/911998115784:setIamPolicy [none]
[debug] [2025-12-01T22:43:18.600Z] >>> [apiv2][body] POST https://cloudresourcemanager.googleapis.com/v1/projects/911998115784:setIamPolicy {"policy":{"version":1,"etag":"BwZE67FDTwY=","bindings":[{"role":"roles/cloudbuild.builds.builder","members":["serviceAccount:911998115784@cloudbuild.gserviceaccount.com"]},{"role":"roles/cloudbuild.serviceAgent","members":["serviceAccount:service-911998115784@gcp-sa-cloudbuild.iam.gserviceaccount.com"]},{"role":"roles/cloudfunctions.admin","members":["serviceAccount:firebase-adminsdk-fbsvc@cm-aquiraz.iam.gserviceaccount.com"]},{"role":"roles/containerregistry.ServiceAgent","members":["serviceAccount:service-911998115784@containerregistry.iam.gserviceaccount.com"]},{"role":"roles/editor","members":["serviceAccount:911998115784-compute@developer.gserviceaccount.com","serviceAccount:911998115784@cloudservices.gserviceaccount.com"]},{"role":"roles/firebase.managementServiceAgent","members":["serviceAccount:service-911998115784@gcp-sa-firebase.iam.gserviceaccount.com"]},{"role":"roles/firebase.sdkAdminServiceAgent","members":["serviceAccount:firebase-adminsdk-fbsvc@cm-aquiraz.iam.gserviceaccount.com"]},{"role":"roles/firebaseauth.admin","members":["serviceAccount:firebase-adminsdk-fbsvc@cm-aquiraz.iam.gserviceaccount.com"]},{"role":"roles/firebasedatabase.admin","members":["serviceAccount:firebase-adminsdk-fbsvc@cm-aquiraz.iam.gserviceaccount.com"]},{"role":"roles/firebasemods.serviceAgent","members":["serviceAccount:service-911998115784@gcp-sa-firebasemods.iam.gserviceaccount.com"]},{"role":"roles/iam.serviceAccountTokenCreator","members":["serviceAccount:firebase-adminsdk-fbsvc@cm-aquiraz.iam.gserviceaccount.com","serviceAccount:service-911998115784@gcp-sa-pubsub.iam.gserviceaccount.com"]},{"role":"roles/owner","members":["user:blutecnologiasbr@gmail.com"]},{"role":"roles/run.serviceAgent","members":["serviceAccount:service-911998115784@serverless-robot-prod.iam.gserviceaccount.com"]},{"role":"roles/run.invoker","members":["serviceAccount:911998115784-compute@developer.gserviceaccount.com"]},{"role":"roles/eventarc.eventReceiver","members":["serviceAccount:911998115784-compute@developer.gserviceaccount.com"]}]},"updateMask":"bindings"}
[debug] [2025-12-01T22:43:19.651Z] <<< [apiv2][status] POST https://cloudresourcemanager.googleapis.com/v1/projects/911998115784:setIamPolicy 200
[debug] [2025-12-01T22:43:19.651Z] <<< [apiv2][body] POST https://cloudresourcemanager.googleapis.com/v1/projects/911998115784:setIamPolicy {"version":1,"etag":"BwZE67SvFDY=","bindings":[{"role":"roles/cloudbuild.builds.builder","members":["serviceAccount:911998115784@cloudbuild.gserviceaccount.com"]},{"role":"roles/cloudbuild.serviceAgent","members":["serviceAccount:service-911998115784@gcp-sa-cloudbuild.iam.gserviceaccount.com"]},{"role":"roles/cloudfunctions.admin","members":["serviceAccount:firebase-adminsdk-fbsvc@cm-aquiraz.iam.gserviceaccount.com"]},{"role":"roles/containerregistry.ServiceAgent","members":["serviceAccount:service-911998115784@containerregistry.iam.gserviceaccount.com"]},{"role":"roles/editor","members":["serviceAccount:911998115784-compute@developer.gserviceaccount.com","serviceAccount:911998115784@cloudservices.gserviceaccount.com"]},{"role":"roles/eventarc.eventReceiver","members":["serviceAccount:911998115784-compute@developer.gserviceaccount.com"]},{"role":"roles/firebase.managementServiceAgent","members":["serviceAccount:service-911998115784@gcp-sa-firebase.iam.gserviceaccount.com"]},{"role":"roles/firebase.sdkAdminServiceAgent","members":["serviceAccount:firebase-adminsdk-fbsvc@cm-aquiraz.iam.gserviceaccount.com"]},{"role":"roles/firebaseauth.admin","members":["serviceAccount:firebase-adminsdk-fbsvc@cm-aquiraz.iam.gserviceaccount.com"]},{"role":"roles/firebasedatabase.admin","members":["serviceAccount:firebase-adminsdk-fbsvc@cm-aquiraz.iam.gserviceaccount.com"]},{"role":"roles/firebasemods.serviceAgent","members":["serviceAccount:service-911998115784@gcp-sa-firebasemods.iam.gserviceaccount.com"]},{"role":"roles/iam.serviceAccountTokenCreator","members":["serviceAccount:firebase-adminsdk-fbsvc@cm-aquiraz.iam.gserviceaccount.com","serviceAccount:service-911998115784@gcp-sa-pubsub.iam.gserviceaccount.com"]},{"role":"roles/owner","members":["user:blutecnologiasbr@gmail.com"]},{"role":"roles/run.invoker","members":["serviceAccount:911998115784-compute@developer.gserviceaccount.com"]},{"role":"roles/run.serviceAgent","members":["serviceAccount:service-911998115784@serverless-robot-prod.iam.gserviceaccount.com"]}]}
[debug] [2025-12-01T22:43:19.652Z] Checked if tokens are valid: true, expires at: 1764630839878
[debug] [2025-12-01T22:43:19.652Z] Checked if tokens are valid: true, expires at: 1764630839878
[debug] [2025-12-01T22:43:19.652Z] >>> [apiv2][query] GET https://cloudresourcemanager.googleapis.com/v1/projects/cm-aquiraz [none]
[debug] [2025-12-01T22:43:19.900Z] <<< [apiv2][status] GET https://cloudresourcemanager.googleapis.com/v1/projects/cm-aquiraz 200
[debug] [2025-12-01T22:43:19.900Z] <<< [apiv2][body] GET https://cloudresourcemanager.googleapis.com/v1/projects/cm-aquiraz {"projectNumber":"911998115784","projectId":"cm-aquiraz","lifecycleState":"ACTIVE","name":"cm-aquiraz","labels":{"firebase":"enabled","firebase-core":"disabled"},"createTime":"2025-12-01T12:39:13.329135Z"}
[debug] [2025-12-01T22:43:19.900Z] Checked if tokens are valid: true, expires at: 1764630839878
[debug] [2025-12-01T22:43:19.900Z] Checked if tokens are valid: true, expires at: 1764630839878
[debug] [2025-12-01T22:43:19.900Z] >>> [apiv2][query] GET https://compute.googleapis.com/compute/v1/projects/911998115784 [none]
[debug] [2025-12-01T22:43:20.175Z] <<< [apiv2][status] GET https://compute.googleapis.com/compute/v1/projects/911998115784 403
[debug] [2025-12-01T22:43:20.175Z] <<< [apiv2][body] GET https://compute.googleapis.com/compute/v1/projects/911998115784 {"error":{"code":403,"message":"Compute Engine API has not been used in project 911998115784 before or it is disabled. Enable it by visiting https://console.developers.google.com/apis/api/compute.googleapis.com/overview?project=911998115784 then retry. If you enabled this API recently, wait a few minutes for the action to propagate to our systems and retry.","errors":[{"message":"Compute Engine API has not been used in project 911998115784 before or it is disabled. Enable it by visiting https://console.developers.google.com/apis/api/compute.googleapis.com/overview?project=911998115784 then retry. If you enabled this API recently, wait a few minutes for the action to propagate to our systems and retry.","domain":"usageLimits","reason":"accessNotConfigured","extendedHelp":"https://console.developers.google.com"}],"status":"PERMISSION_DENIED","details":[{"@type":"type.googleapis.com/google.rpc.ErrorInfo","reason":"SERVICE_DISABLED","domain":"googleapis.com","metadata":{"service":"compute.googleapis.com","activationUrl":"https://console.developers.google.com/apis/api/compute.googleapis.com/overview?project=911998115784","consumer":"projects/911998115784","serviceTitle":"Compute Engine API","containerInfo":"911998115784"}},{"@type":"type.googleapis.com/google.rpc.LocalizedMessage","locale":"en-US","message":"Compute Engine API has not been used in project 911998115784 before or it is disabled. Enable it by visiting https://console.developers.google.com/apis/api/compute.googleapis.com/overview?project=911998115784 then retry. If you enabled this API recently, wait a few minutes for the action to propagate to our systems and retry."},{"@type":"type.googleapis.com/google.rpc.Help","links":[{"description":"Google developers console API activation","url":"https://console.developers.google.com/apis/api/compute.googleapis.com/overview?project=911998115784"}]}]}}
[debug] [2025-12-01T22:43:20.175Z] unable to look up default compute service account. Falling back to 911998115784-compute@developer.gserviceaccount.com. Error: {"name":"FirebaseError","children":[],"context":{"body":{"error":{"code":403,"message":"Compute Engine API has not been used in project 911998115784 before or it is disabled. Enable it by visiting https://console.developers.google.com/apis/api/compute.googleapis.com/overview?project=911998115784 then retry. If you enabled this API recently, wait a few minutes for the action to propagate to our systems and retry.","errors":[{"message":"Compute Engine API has not been used in project 911998115784 before or it is disabled. Enable it by visiting https://console.developers.google.com/apis/api/compute.googleapis.com/overview?project=911998115784 then retry. If you enabled this API recently, wait a few minutes for the action to propagate to our systems and retry.","domain":"usageLimits","reason":"accessNotConfigured","extendedHelp":"https://console.developers.google.com"}],"status":"PERMISSION_DENIED","details":[{"@type":"type.googleapis.com/google.rpc.ErrorInfo","reason":"SERVICE_DISABLED","domain":"googleapis.com","metadata":{"service":"compute.googleapis.com","activationUrl":"https://console.developers.google.com/apis/api/compute.googleapis.com/overview?project=911998115784","consumer":"projects/911998115784","serviceTitle":"Compute Engine API","containerInfo":"911998115784"}},{"@type":"type.googleapis.com/google.rpc.LocalizedMessage","locale":"en-US","message":"Compute Engine API has not been used in project 911998115784 before or it is disabled. Enable it by visiting https://console.developers.google.com/apis/api/compute.googleapis.com/overview?project=911998115784 then retry. If you enabled this API recently, wait a few minutes for the action to propagate to our systems and retry."},{"@type":"type.googleapis.com/google.rpc.Help","links":[{"description":"Google developers console API activation","url":"https://console.developers.google.com/apis/api/compute.googleapis.com/overview?project=911998115784"}]}]}},"response":{"statusCode":403}},"exit":1,"message":"Request to https://compute.googleapis.com/compute/v1/projects/911998115784 had HTTP Error: 403, Compute Engine API has not been used in project 911998115784 before or it is disabled. Enable it by visiting https://console.developers.google.com/apis/api/compute.googleapis.com/overview?project=911998115784 then retry. If you enabled this API recently, wait a few minutes for the action to propagate to our systems and retry.","status":403}
[debug] [2025-12-01T22:43:20.175Z] Checked if tokens are valid: true, expires at: 1764630839878
[debug] [2025-12-01T22:43:20.175Z] Checked if tokens are valid: true, expires at: 1764630839878
[debug] [2025-12-01T22:43:20.175Z] >>> [apiv2][query] GET https://compute.googleapis.com/compute/v1/projects/911998115784 [none]
[debug] [2025-12-01T22:43:20.475Z] <<< [apiv2][status] GET https://compute.googleapis.com/compute/v1/projects/911998115784 403
[debug] [2025-12-01T22:43:20.475Z] <<< [apiv2][body] GET https://compute.googleapis.com/compute/v1/projects/911998115784 {"error":{"code":403,"message":"Compute Engine API has not been used in project 911998115784 before or it is disabled. Enable it by visiting https://console.developers.google.com/apis/api/compute.googleapis.com/overview?project=911998115784 then retry. If you enabled this API recently, wait a few minutes for the action to propagate to our systems and retry.","errors":[{"message":"Compute Engine API has not been used in project 911998115784 before or it is disabled. Enable it by visiting https://console.developers.google.com/apis/api/compute.googleapis.com/overview?project=911998115784 then retry. If you enabled this API recently, wait a few minutes for the action to propagate to our systems and retry.","domain":"usageLimits","reason":"accessNotConfigured","extendedHelp":"https://console.developers.google.com"}],"status":"PERMISSION_DENIED","details":[{"@type":"type.googleapis.com/google.rpc.ErrorInfo","reason":"SERVICE_DISABLED","domain":"googleapis.com","metadata":{"containerInfo":"911998115784","consumer":"projects/911998115784","service":"compute.googleapis.com","activationUrl":"https://console.developers.google.com/apis/api/compute.googleapis.com/overview?project=911998115784","serviceTitle":"Compute Engine API"}},{"@type":"type.googleapis.com/google.rpc.LocalizedMessage","locale":"en-US","message":"Compute Engine API has not been used in project 911998115784 before or it is disabled. Enable it by visiting https://console.developers.google.com/apis/api/compute.googleapis.com/overview?project=911998115784 then retry. If you enabled this API recently, wait a few minutes for the action to propagate to our systems and retry."},{"@type":"type.googleapis.com/google.rpc.Help","links":[{"description":"Google developers console API activation","url":"https://console.developers.google.com/apis/api/compute.googleapis.com/overview?project=911998115784"}]}]}}
[debug] [2025-12-01T22:43:20.475Z] unable to look up default compute service account. Falling back to 911998115784-compute@developer.gserviceaccount.com. Error: {"name":"FirebaseError","children":[],"context":{"body":{"error":{"code":403,"message":"Compute Engine API has not been used in project 911998115784 before or it is disabled. Enable it by visiting https://console.developers.google.com/apis/api/compute.googleapis.com/overview?project=911998115784 then retry. If you enabled this API recently, wait a few minutes for the action to propagate to our systems and retry.","errors":[{"message":"Compute Engine API has not been used in project 911998115784 before or it is disabled. Enable it by visiting https://console.developers.google.com/apis/api/compute.googleapis.com/overview?project=911998115784 then retry. If you enabled this API recently, wait a few minutes for the action to propagate to our systems and retry.","domain":"usageLimits","reason":"accessNotConfigured","extendedHelp":"https://console.developers.google.com"}],"status":"PERMISSION_DENIED","details":[{"@type":"type.googleapis.com/google.rpc.ErrorInfo","reason":"SERVICE_DISABLED","domain":"googleapis.com","metadata":{"containerInfo":"911998115784","consumer":"projects/911998115784","service":"compute.googleapis.com","activationUrl":"https://console.developers.google.com/apis/api/compute.googleapis.com/overview?project=911998115784","serviceTitle":"Compute Engine API"}},{"@type":"type.googleapis.com/google.rpc.LocalizedMessage","locale":"en-US","message":"Compute Engine API has not been used in project 911998115784 before or it is disabled. Enable it by visiting https://console.developers.google.com/apis/api/compute.googleapis.com/overview?project=911998115784 then retry. If you enabled this API recently, wait a few minutes for the action to propagate to our systems and retry."},{"@type":"type.googleapis.com/google.rpc.Help","links":[{"description":"Google developers console API activation","url":"https://console.developers.google.com/apis/api/compute.googleapis.com/overview?project=911998115784"}]}]}},"response":{"statusCode":403}},"exit":1,"message":"Request to https://compute.googleapis.com/compute/v1/projects/911998115784 had HTTP Error: 403, Compute Engine API has not been used in project 911998115784 before or it is disabled. Enable it by visiting https://console.developers.google.com/apis/api/compute.googleapis.com/overview?project=911998115784 then retry. If you enabled this API recently, wait a few minutes for the action to propagate to our systems and retry.","status":403}
[debug] [2025-12-01T22:43:20.476Z] Checked if tokens are valid: true, expires at: 1764630839878
[debug] [2025-12-01T22:43:20.476Z] Checked if tokens are valid: true, expires at: 1764630839878
[debug] [2025-12-01T22:43:20.476Z] >>> [apiv2][query] GET https://cloudbilling.googleapis.com/v1/projects/cm-aquiraz/billingInfo [none]
[debug] [2025-12-01T22:43:21.739Z] <<< [apiv2][status] GET https://cloudbilling.googleapis.com/v1/projects/cm-aquiraz/billingInfo 200
[debug] [2025-12-01T22:43:21.739Z] <<< [apiv2][body] GET https://cloudbilling.googleapis.com/v1/projects/cm-aquiraz/billingInfo {"name":"projects/cm-aquiraz/billingInfo","projectId":"cm-aquiraz","billingAccountName":"billingAccounts/018703-1D0333-AC9EFB","billingEnabled":true}
[debug] [2025-12-01T22:43:21.740Z] [functions] found 1 new HTTP functions, testing setIamPolicy permission...
[debug] [2025-12-01T22:43:21.740Z] Checked if tokens are valid: true, expires at: 1764630839878
[debug] [2025-12-01T22:43:21.740Z] Checked if tokens are valid: true, expires at: 1764630839878
[debug] [2025-12-01T22:43:21.740Z] >>> [apiv2][query] POST https://cloudresourcemanager.googleapis.com/v1/projects/cm-aquiraz:testIamPermissions [none]
[debug] [2025-12-01T22:43:21.740Z] >>> [apiv2][(partial)header] POST https://cloudresourcemanager.googleapis.com/v1/projects/cm-aquiraz:testIamPermissions x-goog-quota-user=projects/cm-aquiraz
[debug] [2025-12-01T22:43:21.740Z] >>> [apiv2][body] POST https://cloudresourcemanager.googleapis.com/v1/projects/cm-aquiraz:testIamPermissions {"permissions":["cloudfunctions.functions.setIamPolicy"]}
[debug] [2025-12-01T22:43:21.945Z] <<< [apiv2][status] POST https://cloudresourcemanager.googleapis.com/v1/projects/cm-aquiraz:testIamPermissions 200
[debug] [2025-12-01T22:43:21.945Z] <<< [apiv2][body] POST https://cloudresourcemanager.googleapis.com/v1/projects/cm-aquiraz:testIamPermissions {"permissions":["cloudfunctions.functions.setIamPolicy"]}
[debug] [2025-12-01T22:43:21.945Z] [functions] found setIamPolicy permission, proceeding with deploy
[debug] [2025-12-01T22:43:21.946Z] Checked if tokens are valid: true, expires at: 1764630839878
[debug] [2025-12-01T22:43:21.946Z] Checked if tokens are valid: true, expires at: 1764630839878
[debug] [2025-12-01T22:43:21.946Z] >>> [apiv2][query] POST https://cloudfunctions.googleapis.com/v2/projects/cm-aquiraz/locations/us-central1/functions:generateUploadUrl [none]
[debug] [2025-12-01T22:43:24.948Z] <<< [apiv2][status] POST https://cloudfunctions.googleapis.com/v2/projects/cm-aquiraz/locations/us-central1/functions:generateUploadUrl 200
[debug] [2025-12-01T22:43:24.948Z] <<< [apiv2][body] POST https://cloudfunctions.googleapis.com/v2/projects/cm-aquiraz/locations/us-central1/functions:generateUploadUrl {"uploadUrl":"https://storage.googleapis.com/gcf-v2-uploads-911998115784.us-central1.cloudfunctions.appspot.com/5c9737dd-05a2-4980-ac00-769164a9400b.zip?GoogleAccessId=service-911998115784@gcf-admin-robot.iam.gserviceaccount.com&Expires=1764630804&Signature=aGNtAqFOOEvyKSiICIoJa%2BkXWP7n8PathtLKFeHaErfHSMmBHuEqtZVmJVJp26PMKmUyp4HgahghFe4Wud0qja6lcHnaqHGaCfdfXBuPCA8UhLtsmh1IvSxOygc4XqI3BMC%2Fw6bwgc9G07wPs%2Fzg6%2FIfJm2hxW4OOTS6NCJOidI7gxCpMD8zWNR3SwDpsJVqfjUBqS225QMFFo2Zwo6gc9MdxVDshNZUKX4P1hetiefAE9FVutmekC3LnH%2B2vgCZOmeZMBYCwq0xjAa2QMtBOhdOz1TZZEnH2FbWR7rFUuyZmPsiRxHea0UUa0ufPFkItJeWq4T%2BhfVpr8fk9dC7wA%3D%3D","storageSource":{"bucket":"gcf-v2-uploads-911998115784.us-central1.cloudfunctions.appspot.com","object":"5c9737dd-05a2-4980-ac00-769164a9400b.zip"}}
[debug] [2025-12-01T22:43:24.949Z] >>> [apiv2][query] PUT https://storage.googleapis.com/gcf-v2-uploads-911998115784.us-central1.cloudfunctions.appspot.com/5c9737dd-05a2-4980-ac00-769164a9400b.zip GoogleAccessId=service-911998115784%40gcf-admin-robot.iam.gserviceaccount.com&Expires=1764630804&Signature=aGNtAqFOOEvyKSiICIoJa%2BkXWP7n8PathtLKFeHaErfHSMmBHuEqtZVmJVJp26PMKmUyp4HgahghFe4Wud0qja6lcHnaqHGaCfdfXBuPCA8UhLtsmh1IvSxOygc4XqI3BMC%2Fw6bwgc9G07wPs%2Fzg6%2FIfJm2hxW4OOTS6NCJOidI7gxCpMD8zWNR3SwDpsJVqfjUBqS225QMFFo2Zwo6gc9MdxVDshNZUKX4P1hetiefAE9FVutmekC3LnH%2B2vgCZOmeZMBYCwq0xjAa2QMtBOhdOz1TZZEnH2FbWR7rFUuyZmPsiRxHea0UUa0ufPFkItJeWq4T%2BhfVpr8fk9dC7wA%3D%3D
[debug] [2025-12-01T22:43:24.949Z] >>> [apiv2][body] PUT https://storage.googleapis.com/gcf-v2-uploads-911998115784.us-central1.cloudfunctions.appspot.com/5c9737dd-05a2-4980-ac00-769164a9400b.zip [stream]
[debug] [2025-12-01T22:43:25.971Z] <<< [apiv2][status] PUT https://storage.googleapis.com/gcf-v2-uploads-911998115784.us-central1.cloudfunctions.appspot.com/5c9737dd-05a2-4980-ac00-769164a9400b.zip 200
[debug] [2025-12-01T22:43:25.971Z] <<< [apiv2][body] PUT https://storage.googleapis.com/gcf-v2-uploads-911998115784.us-central1.cloudfunctions.appspot.com/5c9737dd-05a2-4980-ac00-769164a9400b.zip [omitted]
[info] ✔  functions: functions source uploaded successfully 
[info] i  functions: creating Node.js 22 (2nd Gen) function sendPanicNotification(us-central1)... 
[info] i  functions: creating Node.js 22 (2nd Gen) function sendPushNotification(us-central1)... 
[debug] [2025-12-01T22:43:25.974Z] Checked if tokens are valid: true, expires at: 1764630839878
[debug] [2025-12-01T22:43:25.974Z] Checked if tokens are valid: true, expires at: 1764630839878
[debug] [2025-12-01T22:43:25.974Z] >>> [apiv2][query] POST https://cloudfunctions.googleapis.com/v2/projects/cm-aquiraz/locations/us-central1/functions functionId=sendPanicNotification
[debug] [2025-12-01T22:43:25.974Z] >>> [apiv2][body] POST https://cloudfunctions.googleapis.com/v2/projects/cm-aquiraz/locations/us-central1/functions {"name":"projects/cm-aquiraz/locations/us-central1/functions/sendPanicNotification","buildConfig":{"runtime":"nodejs22","entryPoint":"sendPanicNotification","source":{"storageSource":{"bucket":"gcf-v2-uploads-911998115784.us-central1.cloudfunctions.appspot.com","object":"5c9737dd-05a2-4980-ac00-769164a9400b.zip"}},"environmentVariables":{"GOOGLE_NODE_RUN_SCRIPTS":""}},"serviceConfig":{"environmentVariables":{"FIREBASE_CONFIG":"{\"projectId\":\"cm-aquiraz\",\"databaseURL\":\"https://cm-aquiraz-default-rtdb.firebaseio.com\",\"storageBucket\":\"cm-aquiraz.firebasestorage.app\"}","GCLOUD_PROJECT":"cm-aquiraz","EVENTARC_CLOUD_EVENT_SOURCE":"projects/cm-aquiraz/locations/us-central1/services/sendPanicNotification","FUNCTION_SIGNATURE_TYPE":"cloudevent","FUNCTION_TARGET":"sendPanicNotification","LOG_EXECUTION_ID":"true"},"ingressSettings":null,"timeoutSeconds":null,"serviceAccountEmail":null,"availableMemory":"256Mi","minInstanceCount":null,"maxInstanceCount":null,"maxInstanceRequestConcurrency":80,"availableCpu":"1","vpcConnector":null,"vpcConnectorEgressSettings":null},"labels":{"deployment-tool":"cli-firebase","firebase-functions-hash":"36074ba851ab757cd717502fa2dd58254225c6cb"},"eventTrigger":{"eventType":"google.firebase.database.ref.v1.created","retryPolicy":"RETRY_POLICY_DO_NOT_RETRY","eventFilters":[{"attribute":"ref","value":"notifications/{notificationId}","operator":"match-path-pattern"},{"attribute":"instance","value":"*","operator":"match-path-pattern"}],"triggerRegion":"us-central1"}}
[debug] [2025-12-01T22:43:44.623Z] <<< [apiv2][status] POST https://cloudfunctions.googleapis.com/v2/projects/cm-aquiraz/locations/us-central1/functions 400
[debug] [2025-12-01T22:43:44.624Z] <<< [apiv2][body] POST https://cloudfunctions.googleapis.com/v2/projects/cm-aquiraz/locations/us-central1/functions {"error":{"code":400,"message":"Validation failed for trigger projects/cm-aquiraz/locations/us-central1/triggers/sendpanicnotification-591276: Invalid resource state for \"\": Permission denied while using the Eventarc Service Agent. If you recently started to use Eventarc, it may take a few minutes before all necessary permissions are propagated to the Service Agent. Otherwise, verify that it has Eventarc Service Agent role.","status":"FAILED_PRECONDITION"}}
[warn] ⚠  functions: Request to https://cloudfunctions.googleapis.com/v2/projects/cm-aquiraz/locations/us-central1/functions?functionId=sendPanicNotification had HTTP Error: 400, Validation failed for trigger projects/cm-aquiraz/locations/us-central1/triggers/sendpanicnotification-591276: Invalid resource state for "": Permission denied while using the Eventarc Service Agent. If you recently started to use Eventarc, it may take a few minutes before all necessary permissions are propagated to the Service Agent. Otherwise, verify that it has Eventarc Service Agent role. 
[warn] ⚠  functions: Since this is your first time using 2nd gen functions, we need a little bit longer to finish setting everything up. Retry the deployment in a few minutes. 
[warn] ⚠  functions:  failed to create function projects/cm-aquiraz/locations/us-central1/functions/sendPanicNotification 
[error] Failed to create function projects/cm-aquiraz/locations/us-central1/functions/sendPanicNotification
[debug] [2025-12-01T22:43:44.625Z] Checked if tokens are valid: true, expires at: 1764630839878
[debug] [2025-12-01T22:43:44.625Z] Checked if tokens are valid: true, expires at: 1764630839878
[debug] [2025-12-01T22:43:44.625Z] >>> [apiv2][query] POST https://cloudfunctions.googleapis.com/v2/projects/cm-aquiraz/locations/us-central1/functions functionId=sendPushNotification
[debug] [2025-12-01T22:43:44.625Z] >>> [apiv2][body] POST https://cloudfunctions.googleapis.com/v2/projects/cm-aquiraz/locations/us-central1/functions {"name":"projects/cm-aquiraz/locations/us-central1/functions/sendPushNotification","buildConfig":{"runtime":"nodejs22","entryPoint":"sendPushNotification","source":{"storageSource":{"bucket":"gcf-v2-uploads-911998115784.us-central1.cloudfunctions.appspot.com","object":"5c9737dd-05a2-4980-ac00-769164a9400b.zip"}},"environmentVariables":{"GOOGLE_NODE_RUN_SCRIPTS":""}},"serviceConfig":{"environmentVariables":{"FIREBASE_CONFIG":"{\"projectId\":\"cm-aquiraz\",\"databaseURL\":\"https://cm-aquiraz-default-rtdb.firebaseio.com\",\"storageBucket\":\"cm-aquiraz.firebasestorage.app\"}","GCLOUD_PROJECT":"cm-aquiraz","EVENTARC_CLOUD_EVENT_SOURCE":"projects/cm-aquiraz/locations/us-central1/services/sendPushNotification","FUNCTION_TARGET":"sendPushNotification","LOG_EXECUTION_ID":"true"},"ingressSettings":null,"timeoutSeconds":null,"serviceAccountEmail":null,"availableMemory":"256Mi","minInstanceCount":null,"maxInstanceCount":null,"maxInstanceRequestConcurrency":80,"availableCpu":"1","vpcConnector":null,"vpcConnectorEgressSettings":null},"labels":{"deployment-tool":"cli-firebase","firebase-functions-hash":"36074ba851ab757cd717502fa2dd58254225c6cb"}}
[debug] [2025-12-01T22:43:46.554Z] <<< [apiv2][status] POST https://cloudfunctions.googleapis.com/v2/projects/cm-aquiraz/locations/us-central1/functions 200
[debug] [2025-12-01T22:43:46.554Z] <<< [apiv2][body] POST https://cloudfunctions.googleapis.com/v2/projects/cm-aquiraz/locations/us-central1/functions {"name":"projects/cm-aquiraz/locations/us-central1/operations/operation-1764629025629-644ebb63ba42a-ea6815b5-f26a752f","metadata":{"@type":"type.googleapis.com/google.cloud.functions.v2.OperationMetadata","createTime":"2025-12-01T22:43:46.461756015Z","target":"projects/cm-aquiraz/locations/us-central1/functions/sendPushNotification","verb":"create","cancelRequested":false,"apiVersion":"v2"},"done":false}
[debug] [2025-12-01T22:43:46.555Z] Checked if tokens are valid: true, expires at: 1764630839878
[debug] [2025-12-01T22:43:46.555Z] Checked if tokens are valid: true, expires at: 1764630839878
[debug] [2025-12-01T22:43:46.555Z] >>> [apiv2][query] GET https://cloudfunctions.googleapis.com/v2/projects/cm-aquiraz/locations/us-central1/operations/operation-1764629025629-644ebb63ba42a-ea6815b5-f26a752f [none]
[debug] [2025-12-01T22:43:47.579Z] <<< [apiv2][status] GET https://cloudfunctions.googleapis.com/v2/projects/cm-aquiraz/locations/us-central1/operations/operation-1764629025629-644ebb63ba42a-ea6815b5-f26a752f 200
[debug] [2025-12-01T22:43:47.579Z] <<< [apiv2][body] GET https://cloudfunctions.googleapis.com/v2/projects/cm-aquiraz/locations/us-central1/operations/operation-1764629025629-644ebb63ba42a-ea6815b5-f26a752f {"name":"projects/cm-aquiraz/locations/us-central1/operations/operation-1764629025629-644ebb63ba42a-ea6815b5-f26a752f","metadata":{"@type":"type.googleapis.com/google.cloud.functions.v2.OperationMetadata","createTime":"2025-12-01T22:43:46.461756015Z","target":"projects/cm-aquiraz/locations/us-central1/functions/sendPushNotification","verb":"create","cancelRequested":false,"apiVersion":"v2","requestResource":{"@type":"type.googleapis.com/google.cloud.functions.v2.Function","name":"projects/cm-aquiraz/locations/us-central1/functions/sendPushNotification","buildConfig":{"runtime":"nodejs22","entryPoint":"sendPushNotification","source":{"storageSource":{"bucket":"gcf-v2-sources-911998115784-us-central1","object":"sendPushNotification/function-source.zip","generation":"1764629026116628"}},"environmentVariables":{"GOOGLE_NODE_RUN_SCRIPTS":""},"serviceAccount":"projects/cm-aquiraz/serviceAccounts/911998115784-compute@developer.gserviceaccount.com","automaticUpdatePolicy":{}},"serviceConfig":{"service":"projects/cm-aquiraz/locations/us-central1/services/sendpushnotification","timeoutSeconds":60,"environmentVariables":{"FIREBASE_CONFIG":"{\"projectId\":\"cm-aquiraz\",\"databaseURL\":\"https://cm-aquiraz-default-rtdb.firebaseio.com\",\"storageBucket\":\"cm-aquiraz.firebasestorage.app\"}","GCLOUD_PROJECT":"cm-aquiraz","EVENTARC_CLOUD_EVENT_SOURCE":"projects/cm-aquiraz/locations/us-central1/services/sendPushNotification","FUNCTION_TARGET":"sendPushNotification","LOG_EXECUTION_ID":"true"},"ingressSettings":"ALLOW_ALL","serviceAccountEmail":"911998115784-compute@developer.gserviceaccount.com","availableMemory":"256Mi","maxInstanceRequestConcurrency":80,"availableCpu":"1"},"labels":{"deployment-tool":"cli-firebase","firebase-functions-hash":"36074ba851ab757cd717502fa2dd58254225c6cb"},"environment":"GEN_2"},"stages":[{"name":"BUILD","state":"NOT_STARTED"},{"name":"SERVICE","state":"NOT_STARTED"}],"operationType":"CREATE_FUNCTION"},"done":false}
[debug] [2025-12-01T22:43:48.079Z] [create-default-us-central1-sendPushNotification] Retrying task index 0
[debug] [2025-12-01T22:43:48.080Z] Checked if tokens are valid: true, expires at: 1764630839878
[debug] [2025-12-01T22:43:48.080Z] Checked if tokens are valid: true, expires at: 1764630839878
[debug] [2025-12-01T22:43:48.080Z] >>> [apiv2][query] GET https://cloudfunctions.googleapis.com/v2/projects/cm-aquiraz/locations/us-central1/operations/operation-1764629025629-644ebb63ba42a-ea6815b5-f26a752f [none]
[debug] [2025-12-01T22:43:49.063Z] <<< [apiv2][status] GET https://cloudfunctions.googleapis.com/v2/projects/cm-aquiraz/locations/us-central1/operations/operation-1764629025629-644ebb63ba42a-ea6815b5-f26a752f 200
[debug] [2025-12-01T22:43:49.063Z] <<< [apiv2][body] GET https://cloudfunctions.googleapis.com/v2/projects/cm-aquiraz/locations/us-central1/operations/operation-1764629025629-644ebb63ba42a-ea6815b5-f26a752f {"name":"projects/cm-aquiraz/locations/us-central1/operations/operation-1764629025629-644ebb63ba42a-ea6815b5-f26a752f","metadata":{"@type":"type.googleapis.com/google.cloud.functions.v2.OperationMetadata","createTime":"2025-12-01T22:43:46.461756015Z","target":"projects/cm-aquiraz/locations/us-central1/functions/sendPushNotification","verb":"create","cancelRequested":false,"apiVersion":"v2","requestResource":{"@type":"type.googleapis.com/google.cloud.functions.v2.Function","name":"projects/cm-aquiraz/locations/us-central1/functions/sendPushNotification","buildConfig":{"runtime":"nodejs22","entryPoint":"sendPushNotification","source":{"storageSource":{"bucket":"gcf-v2-sources-911998115784-us-central1","object":"sendPushNotification/function-source.zip","generation":"1764629026116628"}},"environmentVariables":{"GOOGLE_NODE_RUN_SCRIPTS":""},"serviceAccount":"projects/cm-aquiraz/serviceAccounts/911998115784-compute@developer.gserviceaccount.com","automaticUpdatePolicy":{}},"serviceConfig":{"service":"projects/cm-aquiraz/locations/us-central1/services/sendpushnotification","timeoutSeconds":60,"environmentVariables":{"FIREBASE_CONFIG":"{\"projectId\":\"cm-aquiraz\",\"databaseURL\":\"https://cm-aquiraz-default-rtdb.firebaseio.com\",\"storageBucket\":\"cm-aquiraz.firebasestorage.app\"}","GCLOUD_PROJECT":"cm-aquiraz","EVENTARC_CLOUD_EVENT_SOURCE":"projects/cm-aquiraz/locations/us-central1/services/sendPushNotification","FUNCTION_TARGET":"sendPushNotification","LOG_EXECUTION_ID":"true"},"ingressSettings":"ALLOW_ALL","serviceAccountEmail":"911998115784-compute@developer.gserviceaccount.com","availableMemory":"256Mi","maxInstanceRequestConcurrency":80,"availableCpu":"1"},"labels":{"deployment-tool":"cli-firebase","firebase-functions-hash":"36074ba851ab757cd717502fa2dd58254225c6cb"},"environment":"GEN_2"},"stages":[{"name":"BUILD","state":"NOT_STARTED"},{"name":"SERVICE","state":"NOT_STARTED"}],"operationType":"CREATE_FUNCTION"},"done":false}
[debug] [2025-12-01T22:43:50.064Z] [create-default-us-central1-sendPushNotification] Retrying task index 0
[debug] [2025-12-01T22:43:50.065Z] Checked if tokens are valid: true, expires at: 1764630839878
[debug] [2025-12-01T22:43:50.065Z] Checked if tokens are valid: true, expires at: 1764630839878
[debug] [2025-12-01T22:43:50.065Z] >>> [apiv2][query] GET https://cloudfunctions.googleapis.com/v2/projects/cm-aquiraz/locations/us-central1/operations/operation-1764629025629-644ebb63ba42a-ea6815b5-f26a752f [none]
[debug] [2025-12-01T22:43:51.163Z] <<< [apiv2][status] GET https://cloudfunctions.googleapis.com/v2/projects/cm-aquiraz/locations/us-central1/operations/operation-1764629025629-644ebb63ba42a-ea6815b5-f26a752f 200
[debug] [2025-12-01T22:43:51.163Z] <<< [apiv2][body] GET https://cloudfunctions.googleapis.com/v2/projects/cm-aquiraz/locations/us-central1/operations/operation-1764629025629-644ebb63ba42a-ea6815b5-f26a752f {"name":"projects/cm-aquiraz/locations/us-central1/operations/operation-1764629025629-644ebb63ba42a-ea6815b5-f26a752f","metadata":{"@type":"type.googleapis.com/google.cloud.functions.v2.OperationMetadata","createTime":"2025-12-01T22:43:46.461756015Z","target":"projects/cm-aquiraz/locations/us-central1/functions/sendPushNotification","verb":"create","cancelRequested":false,"apiVersion":"v2","requestResource":{"@type":"type.googleapis.com/google.cloud.functions.v2.Function","name":"projects/cm-aquiraz/locations/us-central1/functions/sendPushNotification","buildConfig":{"runtime":"nodejs22","entryPoint":"sendPushNotification","source":{"storageSource":{"bucket":"gcf-v2-sources-911998115784-us-central1","object":"sendPushNotification/function-source.zip","generation":"1764629026116628"}},"environmentVariables":{"GOOGLE_NODE_RUN_SCRIPTS":""},"serviceAccount":"projects/cm-aquiraz/serviceAccounts/911998115784-compute@developer.gserviceaccount.com","automaticUpdatePolicy":{}},"serviceConfig":{"service":"projects/cm-aquiraz/locations/us-central1/services/sendpushnotification","timeoutSeconds":60,"environmentVariables":{"FIREBASE_CONFIG":"{\"projectId\":\"cm-aquiraz\",\"databaseURL\":\"https://cm-aquiraz-default-rtdb.firebaseio.com\",\"storageBucket\":\"cm-aquiraz.firebasestorage.app\"}","GCLOUD_PROJECT":"cm-aquiraz","EVENTARC_CLOUD_EVENT_SOURCE":"projects/cm-aquiraz/locations/us-central1/services/sendPushNotification","FUNCTION_TARGET":"sendPushNotification","LOG_EXECUTION_ID":"true"},"ingressSettings":"ALLOW_ALL","serviceAccountEmail":"911998115784-compute@developer.gserviceaccount.com","availableMemory":"256Mi","maxInstanceRequestConcurrency":80,"availableCpu":"1"},"labels":{"deployment-tool":"cli-firebase","firebase-functions-hash":"36074ba851ab757cd717502fa2dd58254225c6cb"},"environment":"GEN_2"},"stages":[{"name":"BUILD","state":"NOT_STARTED"},{"name":"SERVICE","state":"NOT_STARTED"}],"operationType":"CREATE_FUNCTION"},"done":false}
[debug] [2025-12-01T22:43:53.164Z] [create-default-us-central1-sendPushNotification] Retrying task index 0
[debug] [2025-12-01T22:43:53.164Z] Checked if tokens are valid: true, expires at: 1764630839878
[debug] [2025-12-01T22:43:53.164Z] Checked if tokens are valid: true, expires at: 1764630839878
[debug] [2025-12-01T22:43:53.164Z] >>> [apiv2][query] GET https://cloudfunctions.googleapis.com/v2/projects/cm-aquiraz/locations/us-central1/operations/operation-1764629025629-644ebb63ba42a-ea6815b5-f26a752f [none]
[debug] [2025-12-01T22:43:54.233Z] <<< [apiv2][status] GET https://cloudfunctions.googleapis.com/v2/projects/cm-aquiraz/locations/us-central1/operations/operation-1764629025629-644ebb63ba42a-ea6815b5-f26a752f 200
[debug] [2025-12-01T22:43:54.233Z] <<< [apiv2][body] GET https://cloudfunctions.googleapis.com/v2/projects/cm-aquiraz/locations/us-central1/operations/operation-1764629025629-644ebb63ba42a-ea6815b5-f26a752f {"name":"projects/cm-aquiraz/locations/us-central1/operations/operation-1764629025629-644ebb63ba42a-ea6815b5-f26a752f","metadata":{"@type":"type.googleapis.com/google.cloud.functions.v2.OperationMetadata","createTime":"2025-12-01T22:43:46.461756015Z","target":"projects/cm-aquiraz/locations/us-central1/functions/sendPushNotification","verb":"create","cancelRequested":false,"apiVersion":"v2","requestResource":{"@type":"type.googleapis.com/google.cloud.functions.v2.Function","name":"projects/cm-aquiraz/locations/us-central1/functions/sendPushNotification","buildConfig":{"runtime":"nodejs22","entryPoint":"sendPushNotification","source":{"storageSource":{"bucket":"gcf-v2-sources-911998115784-us-central1","object":"sendPushNotification/function-source.zip","generation":"1764629026116628"}},"environmentVariables":{"GOOGLE_NODE_RUN_SCRIPTS":""},"serviceAccount":"projects/cm-aquiraz/serviceAccounts/911998115784-compute@developer.gserviceaccount.com","automaticUpdatePolicy":{}},"serviceConfig":{"service":"projects/cm-aquiraz/locations/us-central1/services/sendpushnotification","timeoutSeconds":60,"environmentVariables":{"FIREBASE_CONFIG":"{\"projectId\":\"cm-aquiraz\",\"databaseURL\":\"https://cm-aquiraz-default-rtdb.firebaseio.com\",\"storageBucket\":\"cm-aquiraz.firebasestorage.app\"}","GCLOUD_PROJECT":"cm-aquiraz","EVENTARC_CLOUD_EVENT_SOURCE":"projects/cm-aquiraz/locations/us-central1/services/sendPushNotification","FUNCTION_TARGET":"sendPushNotification","LOG_EXECUTION_ID":"true"},"ingressSettings":"ALLOW_ALL","serviceAccountEmail":"911998115784-compute@developer.gserviceaccount.com","availableMemory":"256Mi","maxInstanceRequestConcurrency":80,"availableCpu":"1"},"labels":{"deployment-tool":"cli-firebase","firebase-functions-hash":"36074ba851ab757cd717502fa2dd58254225c6cb"},"environment":"GEN_2"},"stages":[{"name":"BUILD","state":"NOT_STARTED"},{"name":"SERVICE","state":"NOT_STARTED"}],"operationType":"CREATE_FUNCTION"},"done":false}
[debug] [2025-12-01T22:43:58.234Z] [create-default-us-central1-sendPushNotification] Retrying task index 0
[debug] [2025-12-01T22:43:58.235Z] Checked if tokens are valid: true, expires at: 1764630839878
[debug] [2025-12-01T22:43:58.235Z] Checked if tokens are valid: true, expires at: 1764630839878
[debug] [2025-12-01T22:43:58.235Z] >>> [apiv2][query] GET https://cloudfunctions.googleapis.com/v2/projects/cm-aquiraz/locations/us-central1/operations/operation-1764629025629-644ebb63ba42a-ea6815b5-f26a752f [none]
[debug] [2025-12-01T22:43:59.237Z] <<< [apiv2][status] GET https://cloudfunctions.googleapis.com/v2/projects/cm-aquiraz/locations/us-central1/operations/operation-1764629025629-644ebb63ba42a-ea6815b5-f26a752f 200
[debug] [2025-12-01T22:43:59.237Z] <<< [apiv2][body] GET https://cloudfunctions.googleapis.com/v2/projects/cm-aquiraz/locations/us-central1/operations/operation-1764629025629-644ebb63ba42a-ea6815b5-f26a752f {"name":"projects/cm-aquiraz/locations/us-central1/operations/operation-1764629025629-644ebb63ba42a-ea6815b5-f26a752f","metadata":{"@type":"type.googleapis.com/google.cloud.functions.v2.OperationMetadata","createTime":"2025-12-01T22:43:46.461756015Z","target":"projects/cm-aquiraz/locations/us-central1/functions/sendPushNotification","verb":"create","cancelRequested":false,"apiVersion":"v2","requestResource":{"@type":"type.googleapis.com/google.cloud.functions.v2.Function","name":"projects/cm-aquiraz/locations/us-central1/functions/sendPushNotification","buildConfig":{"runtime":"nodejs22","entryPoint":"sendPushNotification","source":{"storageSource":{"bucket":"gcf-v2-sources-911998115784-us-central1","object":"sendPushNotification/function-source.zip","generation":"1764629026116628"}},"environmentVariables":{"GOOGLE_NODE_RUN_SCRIPTS":""},"serviceAccount":"projects/cm-aquiraz/serviceAccounts/911998115784-compute@developer.gserviceaccount.com","automaticUpdatePolicy":{}},"serviceConfig":{"service":"projects/cm-aquiraz/locations/us-central1/services/sendpushnotification","timeoutSeconds":60,"environmentVariables":{"FIREBASE_CONFIG":"{\"projectId\":\"cm-aquiraz\",\"databaseURL\":\"https://cm-aquiraz-default-rtdb.firebaseio.com\",\"storageBucket\":\"cm-aquiraz.firebasestorage.app\"}","GCLOUD_PROJECT":"cm-aquiraz","EVENTARC_CLOUD_EVENT_SOURCE":"projects/cm-aquiraz/locations/us-central1/services/sendPushNotification","FUNCTION_TARGET":"sendPushNotification","LOG_EXECUTION_ID":"true"},"ingressSettings":"ALLOW_ALL","serviceAccountEmail":"911998115784-compute@developer.gserviceaccount.com","availableMemory":"256Mi","maxInstanceRequestConcurrency":80,"availableCpu":"1"},"labels":{"deployment-tool":"cli-firebase","firebase-functions-hash":"36074ba851ab757cd717502fa2dd58254225c6cb"},"environment":"GEN_2"},"stages":[{"name":"BUILD","state":"NOT_STARTED"},{"name":"SERVICE","state":"NOT_STARTED"}],"operationType":"CREATE_FUNCTION"},"done":false}
[debug] [2025-12-01T22:44:07.238Z] [create-default-us-central1-sendPushNotification] Retrying task index 0
[debug] [2025-12-01T22:44:07.239Z] Checked if tokens are valid: true, expires at: 1764630839878
[debug] [2025-12-01T22:44:07.239Z] Checked if tokens are valid: true, expires at: 1764630839878
[debug] [2025-12-01T22:44:07.239Z] >>> [apiv2][query] GET https://cloudfunctions.googleapis.com/v2/projects/cm-aquiraz/locations/us-central1/operations/operation-1764629025629-644ebb63ba42a-ea6815b5-f26a752f [none]
[debug] [2025-12-01T22:44:08.383Z] <<< [apiv2][status] GET https://cloudfunctions.googleapis.com/v2/projects/cm-aquiraz/locations/us-central1/operations/operation-1764629025629-644ebb63ba42a-ea6815b5-f26a752f 200
[debug] [2025-12-01T22:44:08.384Z] <<< [apiv2][body] GET https://cloudfunctions.googleapis.com/v2/projects/cm-aquiraz/locations/us-central1/operations/operation-1764629025629-644ebb63ba42a-ea6815b5-f26a752f {"name":"projects/cm-aquiraz/locations/us-central1/operations/operation-1764629025629-644ebb63ba42a-ea6815b5-f26a752f","metadata":{"@type":"type.googleapis.com/google.cloud.functions.v2.OperationMetadata","createTime":"2025-12-01T22:43:46.461756015Z","target":"projects/cm-aquiraz/locations/us-central1/functions/sendPushNotification","verb":"create","cancelRequested":false,"apiVersion":"v2","requestResource":{"@type":"type.googleapis.com/google.cloud.functions.v2.Function","name":"projects/cm-aquiraz/locations/us-central1/functions/sendPushNotification","buildConfig":{"runtime":"nodejs22","entryPoint":"sendPushNotification","source":{"storageSource":{"bucket":"gcf-v2-sources-911998115784-us-central1","object":"sendPushNotification/function-source.zip","generation":"1764629026116628"}},"environmentVariables":{"GOOGLE_NODE_RUN_SCRIPTS":""},"serviceAccount":"projects/cm-aquiraz/serviceAccounts/911998115784-compute@developer.gserviceaccount.com","automaticUpdatePolicy":{}},"serviceConfig":{"service":"projects/cm-aquiraz/locations/us-central1/services/sendpushnotification","timeoutSeconds":60,"environmentVariables":{"FIREBASE_CONFIG":"{\"projectId\":\"cm-aquiraz\",\"databaseURL\":\"https://cm-aquiraz-default-rtdb.firebaseio.com\",\"storageBucket\":\"cm-aquiraz.firebasestorage.app\"}","GCLOUD_PROJECT":"cm-aquiraz","EVENTARC_CLOUD_EVENT_SOURCE":"projects/cm-aquiraz/locations/us-central1/services/sendPushNotification","FUNCTION_TARGET":"sendPushNotification","LOG_EXECUTION_ID":"true"},"ingressSettings":"ALLOW_ALL","serviceAccountEmail":"911998115784-compute@developer.gserviceaccount.com","availableMemory":"256Mi","maxInstanceRequestConcurrency":80,"availableCpu":"1"},"labels":{"deployment-tool":"cli-firebase","firebase-functions-hash":"36074ba851ab757cd717502fa2dd58254225c6cb"},"environment":"GEN_2"},"stages":[{"name":"BUILD","state":"NOT_STARTED"},{"name":"SERVICE","state":"NOT_STARTED"}],"operationType":"CREATE_FUNCTION"},"done":false}
[debug] [2025-12-01T22:44:18.386Z] [create-default-us-central1-sendPushNotification] Retrying task index 0
[debug] [2025-12-01T22:44:18.386Z] Checked if tokens are valid: true, expires at: 1764630839878
[debug] [2025-12-01T22:44:18.386Z] Checked if tokens are valid: true, expires at: 1764630839878
[debug] [2025-12-01T22:44:18.386Z] >>> [apiv2][query] GET https://cloudfunctions.googleapis.com/v2/projects/cm-aquiraz/locations/us-central1/operations/operation-1764629025629-644ebb63ba42a-ea6815b5-f26a752f [none]
[debug] [2025-12-01T22:44:19.600Z] <<< [apiv2][status] GET https://cloudfunctions.googleapis.com/v2/projects/cm-aquiraz/locations/us-central1/operations/operation-1764629025629-644ebb63ba42a-ea6815b5-f26a752f 200
[debug] [2025-12-01T22:44:19.600Z] <<< [apiv2][body] GET https://cloudfunctions.googleapis.com/v2/projects/cm-aquiraz/locations/us-central1/operations/operation-1764629025629-644ebb63ba42a-ea6815b5-f26a752f {"name":"projects/cm-aquiraz/locations/us-central1/operations/operation-1764629025629-644ebb63ba42a-ea6815b5-f26a752f","metadata":{"@type":"type.googleapis.com/google.cloud.functions.v2.OperationMetadata","createTime":"2025-12-01T22:43:46.461756015Z","target":"projects/cm-aquiraz/locations/us-central1/functions/sendPushNotification","verb":"create","cancelRequested":false,"apiVersion":"v2","requestResource":{"@type":"type.googleapis.com/google.cloud.functions.v2.Function","name":"projects/cm-aquiraz/locations/us-central1/functions/sendPushNotification","buildConfig":{"runtime":"nodejs22","entryPoint":"sendPushNotification","source":{"storageSource":{"bucket":"gcf-v2-sources-911998115784-us-central1","object":"sendPushNotification/function-source.zip","generation":"1764629026116628"}},"environmentVariables":{"GOOGLE_NODE_RUN_SCRIPTS":""},"serviceAccount":"projects/cm-aquiraz/serviceAccounts/911998115784-compute@developer.gserviceaccount.com","automaticUpdatePolicy":{}},"serviceConfig":{"service":"projects/cm-aquiraz/locations/us-central1/services/sendpushnotification","timeoutSeconds":60,"environmentVariables":{"FIREBASE_CONFIG":"{\"projectId\":\"cm-aquiraz\",\"databaseURL\":\"https://cm-aquiraz-default-rtdb.firebaseio.com\",\"storageBucket\":\"cm-aquiraz.firebasestorage.app\"}","GCLOUD_PROJECT":"cm-aquiraz","EVENTARC_CLOUD_EVENT_SOURCE":"projects/cm-aquiraz/locations/us-central1/services/sendPushNotification","FUNCTION_TARGET":"sendPushNotification","LOG_EXECUTION_ID":"true"},"ingressSettings":"ALLOW_ALL","serviceAccountEmail":"911998115784-compute@developer.gserviceaccount.com","availableMemory":"256Mi","maxInstanceRequestConcurrency":80,"availableCpu":"1"},"labels":{"deployment-tool":"cli-firebase","firebase-functions-hash":"36074ba851ab757cd717502fa2dd58254225c6cb"},"environment":"GEN_2"},"stages":[{"name":"BUILD","state":"NOT_STARTED"},{"name":"SERVICE","state":"NOT_STARTED"}],"operationType":"CREATE_FUNCTION"},"done":false}
[debug] [2025-12-01T22:44:29.602Z] [create-default-us-central1-sendPushNotification] Retrying task index 0
[debug] [2025-12-01T22:44:29.604Z] Checked if tokens are valid: true, expires at: 1764630839878
[debug] [2025-12-01T22:44:29.604Z] Checked if tokens are valid: true, expires at: 1764630839878
[debug] [2025-12-01T22:44:29.604Z] >>> [apiv2][query] GET https://cloudfunctions.googleapis.com/v2/projects/cm-aquiraz/locations/us-central1/operations/operation-1764629025629-644ebb63ba42a-ea6815b5-f26a752f [none]
[debug] [2025-12-01T22:44:31.203Z] <<< [apiv2][status] GET https://cloudfunctions.googleapis.com/v2/projects/cm-aquiraz/locations/us-central1/operations/operation-1764629025629-644ebb63ba42a-ea6815b5-f26a752f 200
[debug] [2025-12-01T22:44:31.203Z] <<< [apiv2][body] GET https://cloudfunctions.googleapis.com/v2/projects/cm-aquiraz/locations/us-central1/operations/operation-1764629025629-644ebb63ba42a-ea6815b5-f26a752f {"name":"projects/cm-aquiraz/locations/us-central1/operations/operation-1764629025629-644ebb63ba42a-ea6815b5-f26a752f","metadata":{"@type":"type.googleapis.com/google.cloud.functions.v2.OperationMetadata","createTime":"2025-12-01T22:43:46.461756015Z","target":"projects/cm-aquiraz/locations/us-central1/functions/sendPushNotification","verb":"create","cancelRequested":false,"apiVersion":"v2","requestResource":{"@type":"type.googleapis.com/google.cloud.functions.v2.Function","name":"projects/cm-aquiraz/locations/us-central1/functions/sendPushNotification","buildConfig":{"runtime":"nodejs22","entryPoint":"sendPushNotification","source":{"storageSource":{"bucket":"gcf-v2-sources-911998115784-us-central1","object":"sendPushNotification/function-source.zip","generation":"1764629026116628"}},"environmentVariables":{"GOOGLE_NODE_RUN_SCRIPTS":""},"serviceAccount":"projects/cm-aquiraz/serviceAccounts/911998115784-compute@developer.gserviceaccount.com","automaticUpdatePolicy":{}},"serviceConfig":{"service":"projects/cm-aquiraz/locations/us-central1/services/sendpushnotification","timeoutSeconds":60,"environmentVariables":{"FIREBASE_CONFIG":"{\"projectId\":\"cm-aquiraz\",\"databaseURL\":\"https://cm-aquiraz-default-rtdb.firebaseio.com\",\"storageBucket\":\"cm-aquiraz.firebasestorage.app\"}","GCLOUD_PROJECT":"cm-aquiraz","EVENTARC_CLOUD_EVENT_SOURCE":"projects/cm-aquiraz/locations/us-central1/services/sendPushNotification","FUNCTION_TARGET":"sendPushNotification","LOG_EXECUTION_ID":"true"},"ingressSettings":"ALLOW_ALL","serviceAccountEmail":"911998115784-compute@developer.gserviceaccount.com","availableMemory":"256Mi","maxInstanceRequestConcurrency":80,"availableCpu":"1"},"labels":{"deployment-tool":"cli-firebase","firebase-functions-hash":"36074ba851ab757cd717502fa2dd58254225c6cb"},"environment":"GEN_2"},"stages":[{"name":"BUILD","state":"NOT_STARTED"},{"name":"SERVICE","state":"NOT_STARTED"}],"operationType":"CREATE_FUNCTION"},"done":false}
[debug] [2025-12-01T22:44:41.206Z] [create-default-us-central1-sendPushNotification] Retrying task index 0
[debug] [2025-12-01T22:44:41.208Z] Checked if tokens are valid: true, expires at: 1764630839878
[debug] [2025-12-01T22:44:41.208Z] Checked if tokens are valid: true, expires at: 1764630839878
[debug] [2025-12-01T22:44:41.209Z] >>> [apiv2][query] GET https://cloudfunctions.googleapis.com/v2/projects/cm-aquiraz/locations/us-central1/operations/operation-1764629025629-644ebb63ba42a-ea6815b5-f26a752f [none]
[debug] [2025-12-01T22:44:42.467Z] <<< [apiv2][status] GET https://cloudfunctions.googleapis.com/v2/projects/cm-aquiraz/locations/us-central1/operations/operation-1764629025629-644ebb63ba42a-ea6815b5-f26a752f 200
[debug] [2025-12-01T22:44:42.468Z] <<< [apiv2][body] GET https://cloudfunctions.googleapis.com/v2/projects/cm-aquiraz/locations/us-central1/operations/operation-1764629025629-644ebb63ba42a-ea6815b5-f26a752f {"name":"projects/cm-aquiraz/locations/us-central1/operations/operation-1764629025629-644ebb63ba42a-ea6815b5-f26a752f","metadata":{"@type":"type.googleapis.com/google.cloud.functions.v2.OperationMetadata","createTime":"2025-12-01T22:43:46.461756015Z","target":"projects/cm-aquiraz/locations/us-central1/functions/sendPushNotification","verb":"create","cancelRequested":false,"apiVersion":"v2","requestResource":{"@type":"type.googleapis.com/google.cloud.functions.v2.Function","name":"projects/cm-aquiraz/locations/us-central1/functions/sendPushNotification","buildConfig":{"runtime":"nodejs22","entryPoint":"sendPushNotification","source":{"storageSource":{"bucket":"gcf-v2-sources-911998115784-us-central1","object":"sendPushNotification/function-source.zip","generation":"1764629026116628"}},"environmentVariables":{"GOOGLE_NODE_RUN_SCRIPTS":""},"serviceAccount":"projects/cm-aquiraz/serviceAccounts/911998115784-compute@developer.gserviceaccount.com","automaticUpdatePolicy":{}},"serviceConfig":{"service":"projects/cm-aquiraz/locations/us-central1/services/sendpushnotification","timeoutSeconds":60,"environmentVariables":{"FIREBASE_CONFIG":"{\"projectId\":\"cm-aquiraz\",\"databaseURL\":\"https://cm-aquiraz-default-rtdb.firebaseio.com\",\"storageBucket\":\"cm-aquiraz.firebasestorage.app\"}","GCLOUD_PROJECT":"cm-aquiraz","EVENTARC_CLOUD_EVENT_SOURCE":"projects/cm-aquiraz/locations/us-central1/services/sendPushNotification","FUNCTION_TARGET":"sendPushNotification","LOG_EXECUTION_ID":"true"},"ingressSettings":"ALLOW_ALL","serviceAccountEmail":"911998115784-compute@developer.gserviceaccount.com","availableMemory":"256Mi","maxInstanceRequestConcurrency":80,"availableCpu":"1"},"labels":{"deployment-tool":"cli-firebase","firebase-functions-hash":"36074ba851ab757cd717502fa2dd58254225c6cb"},"environment":"GEN_2"},"stages":[{"name":"BUILD","state":"NOT_STARTED"},{"name":"SERVICE","state":"NOT_STARTED"}],"operationType":"CREATE_FUNCTION"},"done":false}
[debug] [2025-12-01T22:44:52.470Z] [create-default-us-central1-sendPushNotification] Retrying task index 0
[debug] [2025-12-01T22:44:52.471Z] Checked if tokens are valid: true, expires at: 1764630839878
[debug] [2025-12-01T22:44:52.471Z] Checked if tokens are valid: true, expires at: 1764630839878
[debug] [2025-12-01T22:44:52.471Z] >>> [apiv2][query] GET https://cloudfunctions.googleapis.com/v2/projects/cm-aquiraz/locations/us-central1/operations/operation-1764629025629-644ebb63ba42a-ea6815b5-f26a752f [none]
[debug] [2025-12-01T22:44:53.730Z] <<< [apiv2][status] GET https://cloudfunctions.googleapis.com/v2/projects/cm-aquiraz/locations/us-central1/operations/operation-1764629025629-644ebb63ba42a-ea6815b5-f26a752f 200
[debug] [2025-12-01T22:44:53.730Z] <<< [apiv2][body] GET https://cloudfunctions.googleapis.com/v2/projects/cm-aquiraz/locations/us-central1/operations/operation-1764629025629-644ebb63ba42a-ea6815b5-f26a752f {"name":"projects/cm-aquiraz/locations/us-central1/operations/operation-1764629025629-644ebb63ba42a-ea6815b5-f26a752f","metadata":{"@type":"type.googleapis.com/google.cloud.functions.v2.OperationMetadata","createTime":"2025-12-01T22:43:46.461756015Z","target":"projects/cm-aquiraz/locations/us-central1/functions/sendPushNotification","verb":"create","cancelRequested":false,"apiVersion":"v2","requestResource":{"@type":"type.googleapis.com/google.cloud.functions.v2.Function","name":"projects/cm-aquiraz/locations/us-central1/functions/sendPushNotification","buildConfig":{"runtime":"nodejs22","entryPoint":"sendPushNotification","source":{"storageSource":{"bucket":"gcf-v2-sources-911998115784-us-central1","object":"sendPushNotification/function-source.zip","generation":"1764629026116628"}},"environmentVariables":{"GOOGLE_NODE_RUN_SCRIPTS":""},"serviceAccount":"projects/cm-aquiraz/serviceAccounts/911998115784-compute@developer.gserviceaccount.com","automaticUpdatePolicy":{}},"serviceConfig":{"service":"projects/cm-aquiraz/locations/us-central1/services/sendpushnotification","timeoutSeconds":60,"environmentVariables":{"FIREBASE_CONFIG":"{\"projectId\":\"cm-aquiraz\",\"databaseURL\":\"https://cm-aquiraz-default-rtdb.firebaseio.com\",\"storageBucket\":\"cm-aquiraz.firebasestorage.app\"}","GCLOUD_PROJECT":"cm-aquiraz","EVENTARC_CLOUD_EVENT_SOURCE":"projects/cm-aquiraz/locations/us-central1/services/sendPushNotification","FUNCTION_TARGET":"sendPushNotification","LOG_EXECUTION_ID":"true"},"ingressSettings":"ALLOW_ALL","serviceAccountEmail":"911998115784-compute@developer.gserviceaccount.com","availableMemory":"256Mi","maxInstanceRequestConcurrency":80,"availableCpu":"1"},"labels":{"deployment-tool":"cli-firebase","firebase-functions-hash":"36074ba851ab757cd717502fa2dd58254225c6cb"},"environment":"GEN_2"},"stages":[{"name":"BUILD","message":"Build in progress","state":"IN_PROGRESS","resource":"projects/911998115784/locations/us-central1/builds/94357a61-c48a-436c-b38c-48152fe04782","resourceUri":"https://console.cloud.google.com/cloud-build/builds;region=us-central1/94357a61-c48a-436c-b38c-48152fe04782?project=911998115784"},{"name":"SERVICE","state":"NOT_STARTED"}],"operationType":"CREATE_FUNCTION","buildName":"projects/911998115784/locations/us-central1/builds/94357a61-c48a-436c-b38c-48152fe04782"},"done":false}
[debug] [2025-12-01T22:45:03.732Z] [create-default-us-central1-sendPushNotification] Retrying task index 0
[debug] [2025-12-01T22:45:03.732Z] Checked if tokens are valid: true, expires at: 1764630839878
[debug] [2025-12-01T22:45:03.732Z] Checked if tokens are valid: true, expires at: 1764630839878
[debug] [2025-12-01T22:45:03.733Z] >>> [apiv2][query] GET https://cloudfunctions.googleapis.com/v2/projects/cm-aquiraz/locations/us-central1/operations/operation-1764629025629-644ebb63ba42a-ea6815b5-f26a752f [none]
[debug] [2025-12-01T22:45:04.995Z] <<< [apiv2][status] GET https://cloudfunctions.googleapis.com/v2/projects/cm-aquiraz/locations/us-central1/operations/operation-1764629025629-644ebb63ba42a-ea6815b5-f26a752f 200
[debug] [2025-12-01T22:45:04.995Z] <<< [apiv2][body] GET https://cloudfunctions.googleapis.com/v2/projects/cm-aquiraz/locations/us-central1/operations/operation-1764629025629-644ebb63ba42a-ea6815b5-f26a752f {"name":"projects/cm-aquiraz/locations/us-central1/operations/operation-1764629025629-644ebb63ba42a-ea6815b5-f26a752f","metadata":{"@type":"type.googleapis.com/google.cloud.functions.v2.OperationMetadata","createTime":"2025-12-01T22:43:46.461756015Z","target":"projects/cm-aquiraz/locations/us-central1/functions/sendPushNotification","verb":"create","cancelRequested":false,"apiVersion":"v2","requestResource":{"@type":"type.googleapis.com/google.cloud.functions.v2.Function","name":"projects/cm-aquiraz/locations/us-central1/functions/sendPushNotification","buildConfig":{"runtime":"nodejs22","entryPoint":"sendPushNotification","source":{"storageSource":{"bucket":"gcf-v2-sources-911998115784-us-central1","object":"sendPushNotification/function-source.zip","generation":"1764629026116628"}},"environmentVariables":{"GOOGLE_NODE_RUN_SCRIPTS":""},"serviceAccount":"projects/cm-aquiraz/serviceAccounts/911998115784-compute@developer.gserviceaccount.com","automaticUpdatePolicy":{}},"serviceConfig":{"service":"projects/cm-aquiraz/locations/us-central1/services/sendpushnotification","timeoutSeconds":60,"environmentVariables":{"FIREBASE_CONFIG":"{\"projectId\":\"cm-aquiraz\",\"databaseURL\":\"https://cm-aquiraz-default-rtdb.firebaseio.com\",\"storageBucket\":\"cm-aquiraz.firebasestorage.app\"}","GCLOUD_PROJECT":"cm-aquiraz","EVENTARC_CLOUD_EVENT_SOURCE":"projects/cm-aquiraz/locations/us-central1/services/sendPushNotification","FUNCTION_TARGET":"sendPushNotification","LOG_EXECUTION_ID":"true"},"ingressSettings":"ALLOW_ALL","serviceAccountEmail":"911998115784-compute@developer.gserviceaccount.com","availableMemory":"256Mi","maxInstanceRequestConcurrency":80,"availableCpu":"1"},"labels":{"deployment-tool":"cli-firebase","firebase-functions-hash":"36074ba851ab757cd717502fa2dd58254225c6cb"},"environment":"GEN_2"},"stages":[{"name":"BUILD","message":"Build in progress","state":"IN_PROGRESS","resource":"projects/911998115784/locations/us-central1/builds/94357a61-c48a-436c-b38c-48152fe04782","resourceUri":"https://console.cloud.google.com/cloud-build/builds;region=us-central1/94357a61-c48a-436c-b38c-48152fe04782?project=911998115784"},{"name":"SERVICE","state":"NOT_STARTED"}],"operationType":"CREATE_FUNCTION","buildName":"projects/911998115784/locations/us-central1/builds/94357a61-c48a-436c-b38c-48152fe04782"},"done":false}
[debug] [2025-12-01T22:45:14.995Z] [create-default-us-central1-sendPushNotification] Retrying task index 0
[debug] [2025-12-01T22:45:14.996Z] Checked if tokens are valid: true, expires at: 1764630839878
[debug] [2025-12-01T22:45:14.996Z] Checked if tokens are valid: true, expires at: 1764630839878
[debug] [2025-12-01T22:45:14.996Z] >>> [apiv2][query] GET https://cloudfunctions.googleapis.com/v2/projects/cm-aquiraz/locations/us-central1/operations/operation-1764629025629-644ebb63ba42a-ea6815b5-f26a752f [none]
[debug] [2025-12-01T22:45:16.149Z] <<< [apiv2][status] GET https://cloudfunctions.googleapis.com/v2/projects/cm-aquiraz/locations/us-central1/operations/operation-1764629025629-644ebb63ba42a-ea6815b5-f26a752f 200
[debug] [2025-12-01T22:45:16.149Z] <<< [apiv2][body] GET https://cloudfunctions.googleapis.com/v2/projects/cm-aquiraz/locations/us-central1/operations/operation-1764629025629-644ebb63ba42a-ea6815b5-f26a752f {"name":"projects/cm-aquiraz/locations/us-central1/operations/operation-1764629025629-644ebb63ba42a-ea6815b5-f26a752f","metadata":{"@type":"type.googleapis.com/google.cloud.functions.v2.OperationMetadata","createTime":"2025-12-01T22:43:46.461756015Z","target":"projects/cm-aquiraz/locations/us-central1/functions/sendPushNotification","verb":"create","cancelRequested":false,"apiVersion":"v2","requestResource":{"@type":"type.googleapis.com/google.cloud.functions.v2.Function","name":"projects/cm-aquiraz/locations/us-central1/functions/sendPushNotification","buildConfig":{"runtime":"nodejs22","entryPoint":"sendPushNotification","source":{"storageSource":{"bucket":"gcf-v2-sources-911998115784-us-central1","object":"sendPushNotification/function-source.zip","generation":"1764629026116628"}},"environmentVariables":{"GOOGLE_NODE_RUN_SCRIPTS":""},"serviceAccount":"projects/cm-aquiraz/serviceAccounts/911998115784-compute@developer.gserviceaccount.com","automaticUpdatePolicy":{}},"serviceConfig":{"service":"projects/cm-aquiraz/locations/us-central1/services/sendpushnotification","timeoutSeconds":60,"environmentVariables":{"FIREBASE_CONFIG":"{\"projectId\":\"cm-aquiraz\",\"databaseURL\":\"https://cm-aquiraz-default-rtdb.firebaseio.com\",\"storageBucket\":\"cm-aquiraz.firebasestorage.app\"}","GCLOUD_PROJECT":"cm-aquiraz","EVENTARC_CLOUD_EVENT_SOURCE":"projects/cm-aquiraz/locations/us-central1/services/sendPushNotification","FUNCTION_TARGET":"sendPushNotification","LOG_EXECUTION_ID":"true"},"ingressSettings":"ALLOW_ALL","serviceAccountEmail":"911998115784-compute@developer.gserviceaccount.com","availableMemory":"256Mi","maxInstanceRequestConcurrency":80,"availableCpu":"1"},"labels":{"deployment-tool":"cli-firebase","firebase-functions-hash":"36074ba851ab757cd717502fa2dd58254225c6cb"},"environment":"GEN_2"},"stages":[{"name":"BUILD","message":"Build in progress","state":"IN_PROGRESS","resource":"projects/911998115784/locations/us-central1/builds/94357a61-c48a-436c-b38c-48152fe04782","resourceUri":"https://console.cloud.google.com/cloud-build/builds;region=us-central1/94357a61-c48a-436c-b38c-48152fe04782?project=911998115784"},{"name":"SERVICE","state":"NOT_STARTED"}],"operationType":"CREATE_FUNCTION","buildName":"projects/911998115784/locations/us-central1/builds/94357a61-c48a-436c-b38c-48152fe04782"},"done":false}
[debug] [2025-12-01T22:45:26.151Z] [create-default-us-central1-sendPushNotification] Retrying task index 0
[debug] [2025-12-01T22:45:26.151Z] Checked if tokens are valid: true, expires at: 1764630839878
[debug] [2025-12-01T22:45:26.151Z] Checked if tokens are valid: true, expires at: 1764630839878
[debug] [2025-12-01T22:45:26.152Z] >>> [apiv2][query] GET https://cloudfunctions.googleapis.com/v2/projects/cm-aquiraz/locations/us-central1/operations/operation-1764629025629-644ebb63ba42a-ea6815b5-f26a752f [none]
[debug] [2025-12-01T22:45:27.319Z] <<< [apiv2][status] GET https://cloudfunctions.googleapis.com/v2/projects/cm-aquiraz/locations/us-central1/operations/operation-1764629025629-644ebb63ba42a-ea6815b5-f26a752f 200
[debug] [2025-12-01T22:45:27.319Z] <<< [apiv2][body] GET https://cloudfunctions.googleapis.com/v2/projects/cm-aquiraz/locations/us-central1/operations/operation-1764629025629-644ebb63ba42a-ea6815b5-f26a752f {"name":"projects/cm-aquiraz/locations/us-central1/operations/operation-1764629025629-644ebb63ba42a-ea6815b5-f26a752f","metadata":{"@type":"type.googleapis.com/google.cloud.functions.v2.OperationMetadata","createTime":"2025-12-01T22:43:46.461756015Z","target":"projects/cm-aquiraz/locations/us-central1/functions/sendPushNotification","verb":"create","cancelRequested":false,"apiVersion":"v2","requestResource":{"@type":"type.googleapis.com/google.cloud.functions.v2.Function","name":"projects/cm-aquiraz/locations/us-central1/functions/sendPushNotification","buildConfig":{"runtime":"nodejs22","entryPoint":"sendPushNotification","source":{"storageSource":{"bucket":"gcf-v2-sources-911998115784-us-central1","object":"sendPushNotification/function-source.zip","generation":"1764629026116628"}},"environmentVariables":{"GOOGLE_NODE_RUN_SCRIPTS":""},"serviceAccount":"projects/cm-aquiraz/serviceAccounts/911998115784-compute@developer.gserviceaccount.com","automaticUpdatePolicy":{}},"serviceConfig":{"service":"projects/cm-aquiraz/locations/us-central1/services/sendpushnotification","timeoutSeconds":60,"environmentVariables":{"FIREBASE_CONFIG":"{\"projectId\":\"cm-aquiraz\",\"databaseURL\":\"https://cm-aquiraz-default-rtdb.firebaseio.com\",\"storageBucket\":\"cm-aquiraz.firebasestorage.app\"}","GCLOUD_PROJECT":"cm-aquiraz","EVENTARC_CLOUD_EVENT_SOURCE":"projects/cm-aquiraz/locations/us-central1/services/sendPushNotification","FUNCTION_TARGET":"sendPushNotification","LOG_EXECUTION_ID":"true"},"ingressSettings":"ALLOW_ALL","serviceAccountEmail":"911998115784-compute@developer.gserviceaccount.com","availableMemory":"256Mi","maxInstanceRequestConcurrency":80,"availableCpu":"1"},"labels":{"deployment-tool":"cli-firebase","firebase-functions-hash":"36074ba851ab757cd717502fa2dd58254225c6cb"},"environment":"GEN_2"},"stages":[{"name":"BUILD","message":"Build in progress","state":"IN_PROGRESS","resource":"projects/911998115784/locations/us-central1/builds/94357a61-c48a-436c-b38c-48152fe04782","resourceUri":"https://console.cloud.google.com/cloud-build/builds;region=us-central1/94357a61-c48a-436c-b38c-48152fe04782?project=911998115784"},{"name":"SERVICE","state":"NOT_STARTED"}],"operationType":"CREATE_FUNCTION","buildName":"projects/911998115784/locations/us-central1/builds/94357a61-c48a-436c-b38c-48152fe04782"},"done":false}
[debug] [2025-12-01T22:45:37.319Z] [create-default-us-central1-sendPushNotification] Retrying task index 0
[debug] [2025-12-01T22:45:37.319Z] Checked if tokens are valid: true, expires at: 1764630839878
[debug] [2025-12-01T22:45:37.319Z] Checked if tokens are valid: true, expires at: 1764630839878
[debug] [2025-12-01T22:45:37.320Z] >>> [apiv2][query] GET https://cloudfunctions.googleapis.com/v2/projects/cm-aquiraz/locations/us-central1/operations/operation-1764629025629-644ebb63ba42a-ea6815b5-f26a752f [none]
[debug] [2025-12-01T22:45:37.969Z] <<< [apiv2][status] GET https://cloudfunctions.googleapis.com/v2/projects/cm-aquiraz/locations/us-central1/operations/operation-1764629025629-644ebb63ba42a-ea6815b5-f26a752f 200
[debug] [2025-12-01T22:45:37.969Z] <<< [apiv2][body] GET https://cloudfunctions.googleapis.com/v2/projects/cm-aquiraz/locations/us-central1/operations/operation-1764629025629-644ebb63ba42a-ea6815b5-f26a752f {"name":"projects/cm-aquiraz/locations/us-central1/operations/operation-1764629025629-644ebb63ba42a-ea6815b5-f26a752f","metadata":{"@type":"type.googleapis.com/google.cloud.functions.v2.OperationMetadata","createTime":"2025-12-01T22:43:46.461756015Z","target":"projects/cm-aquiraz/locations/us-central1/functions/sendPushNotification","verb":"create","cancelRequested":false,"apiVersion":"v2","requestResource":{"@type":"type.googleapis.com/google.cloud.functions.v2.Function","name":"projects/cm-aquiraz/locations/us-central1/functions/sendPushNotification","buildConfig":{"runtime":"nodejs22","entryPoint":"sendPushNotification","source":{"storageSource":{"bucket":"gcf-v2-sources-911998115784-us-central1","object":"sendPushNotification/function-source.zip","generation":"1764629026116628"}},"environmentVariables":{"GOOGLE_NODE_RUN_SCRIPTS":""},"serviceAccount":"projects/cm-aquiraz/serviceAccounts/911998115784-compute@developer.gserviceaccount.com","automaticUpdatePolicy":{}},"serviceConfig":{"service":"projects/cm-aquiraz/locations/us-central1/services/sendpushnotification","timeoutSeconds":60,"environmentVariables":{"FIREBASE_CONFIG":"{\"projectId\":\"cm-aquiraz\",\"databaseURL\":\"https://cm-aquiraz-default-rtdb.firebaseio.com\",\"storageBucket\":\"cm-aquiraz.firebasestorage.app\"}","GCLOUD_PROJECT":"cm-aquiraz","EVENTARC_CLOUD_EVENT_SOURCE":"projects/cm-aquiraz/locations/us-central1/services/sendPushNotification","FUNCTION_TARGET":"sendPushNotification","LOG_EXECUTION_ID":"true"},"ingressSettings":"ALLOW_ALL","serviceAccountEmail":"911998115784-compute@developer.gserviceaccount.com","availableMemory":"256Mi","maxInstanceRequestConcurrency":80,"availableCpu":"1"},"labels":{"deployment-tool":"cli-firebase","firebase-functions-hash":"36074ba851ab757cd717502fa2dd58254225c6cb"},"environment":"GEN_2"},"stages":[{"name":"BUILD","message":"Build in progress","state":"IN_PROGRESS","resource":"projects/911998115784/locations/us-central1/builds/94357a61-c48a-436c-b38c-48152fe04782","resourceUri":"https://console.cloud.google.com/cloud-build/builds;region=us-central1/94357a61-c48a-436c-b38c-48152fe04782?project=911998115784"},{"name":"SERVICE","state":"NOT_STARTED"}],"operationType":"CREATE_FUNCTION","buildName":"projects/911998115784/locations/us-central1/builds/94357a61-c48a-436c-b38c-48152fe04782"},"done":false}
[debug] [2025-12-01T22:45:47.970Z] [create-default-us-central1-sendPushNotification] Retrying task index 0
[debug] [2025-12-01T22:45:47.970Z] Checked if tokens are valid: true, expires at: 1764630839878
[debug] [2025-12-01T22:45:47.970Z] Checked if tokens are valid: true, expires at: 1764630839878
[debug] [2025-12-01T22:45:47.970Z] >>> [apiv2][query] GET https://cloudfunctions.googleapis.com/v2/projects/cm-aquiraz/locations/us-central1/operations/operation-1764629025629-644ebb63ba42a-ea6815b5-f26a752f [none]
[debug] [2025-12-01T22:45:49.231Z] <<< [apiv2][status] GET https://cloudfunctions.googleapis.com/v2/projects/cm-aquiraz/locations/us-central1/operations/operation-1764629025629-644ebb63ba42a-ea6815b5-f26a752f 200
[debug] [2025-12-01T22:45:49.231Z] <<< [apiv2][body] GET https://cloudfunctions.googleapis.com/v2/projects/cm-aquiraz/locations/us-central1/operations/operation-1764629025629-644ebb63ba42a-ea6815b5-f26a752f {"name":"projects/cm-aquiraz/locations/us-central1/operations/operation-1764629025629-644ebb63ba42a-ea6815b5-f26a752f","metadata":{"@type":"type.googleapis.com/google.cloud.functions.v2.OperationMetadata","createTime":"2025-12-01T22:43:46.461756015Z","target":"projects/cm-aquiraz/locations/us-central1/functions/sendPushNotification","verb":"create","cancelRequested":false,"apiVersion":"v2","requestResource":{"@type":"type.googleapis.com/google.cloud.functions.v2.Function","name":"projects/cm-aquiraz/locations/us-central1/functions/sendPushNotification","buildConfig":{"runtime":"nodejs22","entryPoint":"sendPushNotification","source":{"storageSource":{"bucket":"gcf-v2-sources-911998115784-us-central1","object":"sendPushNotification/function-source.zip","generation":"1764629026116628"}},"environmentVariables":{"GOOGLE_NODE_RUN_SCRIPTS":""},"serviceAccount":"projects/cm-aquiraz/serviceAccounts/911998115784-compute@developer.gserviceaccount.com","automaticUpdatePolicy":{}},"serviceConfig":{"service":"projects/cm-aquiraz/locations/us-central1/services/sendpushnotification","timeoutSeconds":60,"environmentVariables":{"FIREBASE_CONFIG":"{\"projectId\":\"cm-aquiraz\",\"databaseURL\":\"https://cm-aquiraz-default-rtdb.firebaseio.com\",\"storageBucket\":\"cm-aquiraz.firebasestorage.app\"}","GCLOUD_PROJECT":"cm-aquiraz","EVENTARC_CLOUD_EVENT_SOURCE":"projects/cm-aquiraz/locations/us-central1/services/sendPushNotification","FUNCTION_TARGET":"sendPushNotification","LOG_EXECUTION_ID":"true"},"ingressSettings":"ALLOW_ALL","serviceAccountEmail":"911998115784-compute@developer.gserviceaccount.com","availableMemory":"256Mi","maxInstanceRequestConcurrency":80,"availableCpu":"1"},"labels":{"deployment-tool":"cli-firebase","firebase-functions-hash":"36074ba851ab757cd717502fa2dd58254225c6cb"},"environment":"GEN_2"},"stages":[{"name":"BUILD","message":"Build in progress","state":"IN_PROGRESS","resource":"projects/911998115784/locations/us-central1/builds/94357a61-c48a-436c-b38c-48152fe04782","resourceUri":"https://console.cloud.google.com/cloud-build/builds;region=us-central1/94357a61-c48a-436c-b38c-48152fe04782?project=911998115784"},{"name":"SERVICE","state":"NOT_STARTED"}],"operationType":"CREATE_FUNCTION","buildName":"projects/911998115784/locations/us-central1/builds/94357a61-c48a-436c-b38c-48152fe04782"},"done":false}
[debug] [2025-12-01T22:45:59.232Z] [create-default-us-central1-sendPushNotification] Retrying task index 0
[debug] [2025-12-01T22:45:59.232Z] Checked if tokens are valid: true, expires at: 1764630839878
[debug] [2025-12-01T22:45:59.232Z] Checked if tokens are valid: true, expires at: 1764630839878
[debug] [2025-12-01T22:45:59.232Z] >>> [apiv2][query] GET https://cloudfunctions.googleapis.com/v2/projects/cm-aquiraz/locations/us-central1/operations/operation-1764629025629-644ebb63ba42a-ea6815b5-f26a752f [none]
[debug] [2025-12-01T22:46:00.380Z] <<< [apiv2][status] GET https://cloudfunctions.googleapis.com/v2/projects/cm-aquiraz/locations/us-central1/operations/operation-1764629025629-644ebb63ba42a-ea6815b5-f26a752f 200
[debug] [2025-12-01T22:46:00.380Z] <<< [apiv2][body] GET https://cloudfunctions.googleapis.com/v2/projects/cm-aquiraz/locations/us-central1/operations/operation-1764629025629-644ebb63ba42a-ea6815b5-f26a752f {"name":"projects/cm-aquiraz/locations/us-central1/operations/operation-1764629025629-644ebb63ba42a-ea6815b5-f26a752f","metadata":{"@type":"type.googleapis.com/google.cloud.functions.v2.OperationMetadata","createTime":"2025-12-01T22:43:46.461756015Z","target":"projects/cm-aquiraz/locations/us-central1/functions/sendPushNotification","verb":"create","cancelRequested":false,"apiVersion":"v2","requestResource":{"@type":"type.googleapis.com/google.cloud.functions.v2.Function","name":"projects/cm-aquiraz/locations/us-central1/functions/sendPushNotification","buildConfig":{"runtime":"nodejs22","entryPoint":"sendPushNotification","source":{"storageSource":{"bucket":"gcf-v2-sources-911998115784-us-central1","object":"sendPushNotification/function-source.zip","generation":"1764629026116628"}},"environmentVariables":{"GOOGLE_NODE_RUN_SCRIPTS":""},"serviceAccount":"projects/cm-aquiraz/serviceAccounts/911998115784-compute@developer.gserviceaccount.com","automaticUpdatePolicy":{}},"serviceConfig":{"service":"projects/cm-aquiraz/locations/us-central1/services/sendpushnotification","timeoutSeconds":60,"environmentVariables":{"FIREBASE_CONFIG":"{\"projectId\":\"cm-aquiraz\",\"databaseURL\":\"https://cm-aquiraz-default-rtdb.firebaseio.com\",\"storageBucket\":\"cm-aquiraz.firebasestorage.app\"}","GCLOUD_PROJECT":"cm-aquiraz","EVENTARC_CLOUD_EVENT_SOURCE":"projects/cm-aquiraz/locations/us-central1/services/sendPushNotification","FUNCTION_TARGET":"sendPushNotification","LOG_EXECUTION_ID":"true"},"ingressSettings":"ALLOW_ALL","serviceAccountEmail":"911998115784-compute@developer.gserviceaccount.com","availableMemory":"256Mi","maxInstanceRequestConcurrency":80,"availableCpu":"1"},"labels":{"deployment-tool":"cli-firebase","firebase-functions-hash":"36074ba851ab757cd717502fa2dd58254225c6cb"},"environment":"GEN_2"},"stages":[{"name":"BUILD","message":"Build finished","state":"COMPLETE","resource":"projects/911998115784/locations/us-central1/builds/94357a61-c48a-436c-b38c-48152fe04782","resourceUri":"https://console.cloud.google.com/cloud-build/builds;region=us-central1/94357a61-c48a-436c-b38c-48152fe04782?project=911998115784"},{"name":"SERVICE","message":"Creating Cloud Run service","state":"IN_PROGRESS","resource":"projects/cm-aquiraz/locations/us-central1/services/sendpushnotification","resourceUri":"https://console.cloud.google.com/run/detail/us-central1/sendpushnotification?project=cm-aquiraz"}],"sourceToken":"Cldwcm9qZWN0cy85MTE5OTgxMTU3ODQvbG9jYXRpb25zL3VzLWNlbnRyYWwxL2J1aWxkcy85NDM1N2E2MS1jNDhhLTQzNmMtYjM4Yy00ODE1MmZlMDQ3ODISb3VzLWNlbnRyYWwxLWRvY2tlci5wa2cuZGV2L2NtLWFxdWlyYXovZ2NmLWFydGlmYWN0cy9jbS0tYXF1aXJhel9fdXMtLWNlbnRyYWwxX19zZW5kX3B1c2hfbm90aWZpY2F0aW9uOnZlcnNpb25fMRjIv8u6xRoiSHByb2plY3RzL2NtLWFxdWlyYXovbG9jYXRpb25zL3VzLWNlbnRyYWwxL2Z1bmN0aW9ucy9zZW5kUHVzaE5vdGlmaWNhdGlvbioMCKe1uMkGEIjwxcoCMghub2RlanMyMjp2CiNnY3IuaW8vZ2FlLXJ1bnRpbWVzL25vZGVqczIyOnN0YWJsZRJPdXMtY2VudHJhbDEtZG9ja2VyLnBrZy5kZXYvc2VydmVybGVzcy1ydW50aW1lcy9nb29nbGUtMjItZnVsbC9ydW50aW1lcy9ub2RlanMyMkAB","operationType":"CREATE_FUNCTION","buildName":"projects/911998115784/locations/us-central1/builds/94357a61-c48a-436c-b38c-48152fe04782"},"done":false}
[debug] [2025-12-01T22:46:00.380Z] Got source token Cldwcm9qZWN0cy85MTE5OTgxMTU3ODQvbG9jYXRpb25zL3VzLWNlbnRyYWwxL2J1aWxkcy85NDM1N2E2MS1jNDhhLTQzNmMtYjM4Yy00ODE1MmZlMDQ3ODISb3VzLWNlbnRyYWwxLWRvY2tlci5wa2cuZGV2L2NtLWFxdWlyYXovZ2NmLWFydGlmYWN0cy9jbS0tYXF1aXJhel9fdXMtLWNlbnRyYWwxX19zZW5kX3B1c2hfbm90aWZpY2F0aW9uOnZlcnNpb25fMRjIv8u6xRoiSHByb2plY3RzL2NtLWFxdWlyYXovbG9jYXRpb25zL3VzLWNlbnRyYWwxL2Z1bmN0aW9ucy9zZW5kUHVzaE5vdGlmaWNhdGlvbioMCKe1uMkGEIjwxcoCMghub2RlanMyMjp2CiNnY3IuaW8vZ2FlLXJ1bnRpbWVzL25vZGVqczIyOnN0YWJsZRJPdXMtY2VudHJhbDEtZG9ja2VyLnBrZy5kZXYvc2VydmVybGVzcy1ydW50aW1lcy9nb29nbGUtMjItZnVsbC9ydW50aW1lcy9ub2RlanMyMkAB for region us-central1
[debug] [2025-12-01T22:46:10.382Z] [create-default-us-central1-sendPushNotification] Retrying task index 0
[debug] [2025-12-01T22:46:10.382Z] Checked if tokens are valid: true, expires at: 1764630839878
[debug] [2025-12-01T22:46:10.382Z] Checked if tokens are valid: true, expires at: 1764630839878
[debug] [2025-12-01T22:46:10.383Z] >>> [apiv2][query] GET https://cloudfunctions.googleapis.com/v2/projects/cm-aquiraz/locations/us-central1/operations/operation-1764629025629-644ebb63ba42a-ea6815b5-f26a752f [none]
[debug] [2025-12-01T22:46:11.554Z] <<< [apiv2][status] GET https://cloudfunctions.googleapis.com/v2/projects/cm-aquiraz/locations/us-central1/operations/operation-1764629025629-644ebb63ba42a-ea6815b5-f26a752f 200
[debug] [2025-12-01T22:46:11.554Z] <<< [apiv2][body] GET https://cloudfunctions.googleapis.com/v2/projects/cm-aquiraz/locations/us-central1/operations/operation-1764629025629-644ebb63ba42a-ea6815b5-f26a752f {"name":"projects/cm-aquiraz/locations/us-central1/operations/operation-1764629025629-644ebb63ba42a-ea6815b5-f26a752f","metadata":{"@type":"type.googleapis.com/google.cloud.functions.v2.OperationMetadata","createTime":"2025-12-01T22:43:46.461756015Z","endTime":"2025-12-01T22:46:07.895011984Z","target":"projects/cm-aquiraz/locations/us-central1/functions/sendPushNotification","verb":"create","cancelRequested":false,"apiVersion":"v2","requestResource":{"@type":"type.googleapis.com/google.cloud.functions.v2.Function","name":"projects/cm-aquiraz/locations/us-central1/functions/sendPushNotification","buildConfig":{"runtime":"nodejs22","entryPoint":"sendPushNotification","source":{"storageSource":{"bucket":"gcf-v2-sources-911998115784-us-central1","object":"sendPushNotification/function-source.zip","generation":"1764629026116628"}},"environmentVariables":{"GOOGLE_NODE_RUN_SCRIPTS":""},"serviceAccount":"projects/cm-aquiraz/serviceAccounts/911998115784-compute@developer.gserviceaccount.com","automaticUpdatePolicy":{}},"serviceConfig":{"service":"projects/cm-aquiraz/locations/us-central1/services/sendpushnotification","timeoutSeconds":60,"environmentVariables":{"FIREBASE_CONFIG":"{\"projectId\":\"cm-aquiraz\",\"databaseURL\":\"https://cm-aquiraz-default-rtdb.firebaseio.com\",\"storageBucket\":\"cm-aquiraz.firebasestorage.app\"}","GCLOUD_PROJECT":"cm-aquiraz","EVENTARC_CLOUD_EVENT_SOURCE":"projects/cm-aquiraz/locations/us-central1/services/sendPushNotification","FUNCTION_TARGET":"sendPushNotification","LOG_EXECUTION_ID":"true"},"ingressSettings":"ALLOW_ALL","serviceAccountEmail":"911998115784-compute@developer.gserviceaccount.com","availableMemory":"256Mi","maxInstanceRequestConcurrency":80,"availableCpu":"1"},"labels":{"deployment-tool":"cli-firebase","firebase-functions-hash":"36074ba851ab757cd717502fa2dd58254225c6cb"},"environment":"GEN_2"},"stages":[{"name":"BUILD","message":"Build finished","state":"COMPLETE","resource":"projects/911998115784/locations/us-central1/builds/94357a61-c48a-436c-b38c-48152fe04782","resourceUri":"https://console.cloud.google.com/cloud-build/builds;region=us-central1/94357a61-c48a-436c-b38c-48152fe04782?project=911998115784"},{"name":"SERVICE","message":"Creating Cloud Run service","state":"COMPLETE","resource":"projects/cm-aquiraz/locations/us-central1/services/sendpushnotification","resourceUri":"https://console.cloud.google.com/run/detail/us-central1/sendpushnotification?project=cm-aquiraz"}],"sourceToken":"Cldwcm9qZWN0cy85MTE5OTgxMTU3ODQvbG9jYXRpb25zL3VzLWNlbnRyYWwxL2J1aWxkcy85NDM1N2E2MS1jNDhhLTQzNmMtYjM4Yy00ODE1MmZlMDQ3ODISb3VzLWNlbnRyYWwxLWRvY2tlci5wa2cuZGV2L2NtLWFxdWlyYXovZ2NmLWFydGlmYWN0cy9jbS0tYXF1aXJhel9fdXMtLWNlbnRyYWwxX19zZW5kX3B1c2hfbm90aWZpY2F0aW9uOnZlcnNpb25fMRjIv8u6xRoiSHByb2plY3RzL2NtLWFxdWlyYXovbG9jYXRpb25zL3VzLWNlbnRyYWwxL2Z1bmN0aW9ucy9zZW5kUHVzaE5vdGlmaWNhdGlvbioMCKe1uMkGEIjwxcoCMghub2RlanMyMjp2CiNnY3IuaW8vZ2FlLXJ1bnRpbWVzL25vZGVqczIyOnN0YWJsZRJPdXMtY2VudHJhbDEtZG9ja2VyLnBrZy5kZXYvc2VydmVybGVzcy1ydW50aW1lcy9nb29nbGUtMjItZnVsbC9ydW50aW1lcy9ub2RlanMyMkAB","operationType":"CREATE_FUNCTION","buildName":"projects/911998115784/locations/us-central1/builds/94357a61-c48a-436c-b38c-48152fe04782"},"done":true,"response":{"@type":"type.googleapis.com/google.cloud.functions.v2.Function","name":"projects/cm-aquiraz/locations/us-central1/functions/sendPushNotification","buildConfig":{"build":"projects/911998115784/locations/us-central1/builds/94357a61-c48a-436c-b38c-48152fe04782","runtime":"nodejs22","entryPoint":"sendPushNotification","source":{"storageSource":{"bucket":"gcf-v2-sources-911998115784-us-central1","object":"sendPushNotification/function-source.zip","generation":"1764629026116628"}},"environmentVariables":{"GOOGLE_NODE_RUN_SCRIPTS":""},"dockerRepository":"projects/cm-aquiraz/locations/us-central1/repositories/gcf-artifacts","sourceProvenance":{"resolvedStorageSource":{"bucket":"gcf-v2-sources-911998115784-us-central1","object":"sendPushNotification/function-source.zip","generation":"1764629026116628"}},"dockerRegistry":"ARTIFACT_REGISTRY","serviceAccount":"projects/cm-aquiraz/serviceAccounts/911998115784-compute@developer.gserviceaccount.com","automaticUpdatePolicy":{}},"serviceConfig":{"service":"projects/cm-aquiraz/locations/us-central1/services/sendpushnotification","timeoutSeconds":60,"environmentVariables":{"FIREBASE_CONFIG":"{\"projectId\":\"cm-aquiraz\",\"databaseURL\":\"https://cm-aquiraz-default-rtdb.firebaseio.com\",\"storageBucket\":\"cm-aquiraz.firebasestorage.app\"}","GCLOUD_PROJECT":"cm-aquiraz","EVENTARC_CLOUD_EVENT_SOURCE":"projects/cm-aquiraz/locations/us-central1/services/sendPushNotification","FUNCTION_TARGET":"sendPushNotification","LOG_EXECUTION_ID":"true"},"maxInstanceCount":20,"ingressSettings":"ALLOW_ALL","uri":"https://sendpushnotification-6hz2hejkeq-uc.a.run.app","serviceAccountEmail":"911998115784-compute@developer.gserviceaccount.com","availableMemory":"256Mi","allTrafficOnLatestRevision":true,"revision":"sendpushnotification-00001-qub","maxInstanceRequestConcurrency":80,"availableCpu":"1"},"state":"ACTIVE","updateTime":"2025-12-01T22:43:46.457540437Z","labels":{"deployment-tool":"cli-firebase","firebase-functions-hash":"36074ba851ab757cd717502fa2dd58254225c6cb"},"environment":"GEN_2","url":"https://us-central1-cm-aquiraz.cloudfunctions.net/sendPushNotification","createTime":"2025-12-01T22:43:46.457540437Z","satisfiesPzi":true}}
[debug] [2025-12-01T22:46:11.555Z] Got source token Cldwcm9qZWN0cy85MTE5OTgxMTU3ODQvbG9jYXRpb25zL3VzLWNlbnRyYWwxL2J1aWxkcy85NDM1N2E2MS1jNDhhLTQzNmMtYjM4Yy00ODE1MmZlMDQ3ODISb3VzLWNlbnRyYWwxLWRvY2tlci5wa2cuZGV2L2NtLWFxdWlyYXovZ2NmLWFydGlmYWN0cy9jbS0tYXF1aXJhel9fdXMtLWNlbnRyYWwxX19zZW5kX3B1c2hfbm90aWZpY2F0aW9uOnZlcnNpb25fMRjIv8u6xRoiSHByb2plY3RzL2NtLWFxdWlyYXovbG9jYXRpb25zL3VzLWNlbnRyYWwxL2Z1bmN0aW9ucy9zZW5kUHVzaE5vdGlmaWNhdGlvbioMCKe1uMkGEIjwxcoCMghub2RlanMyMjp2CiNnY3IuaW8vZ2FlLXJ1bnRpbWVzL25vZGVqczIyOnN0YWJsZRJPdXMtY2VudHJhbDEtZG9ja2VyLnBrZy5kZXYvc2VydmVybGVzcy1ydW50aW1lcy9nb29nbGUtMjItZnVsbC9ydW50aW1lcy9ub2RlanMyMkAB for region us-central1
[debug] [2025-12-01T22:46:11.557Z] Checked if tokens are valid: true, expires at: 1764630839878
[debug] [2025-12-01T22:46:11.557Z] Checked if tokens are valid: true, expires at: 1764630839878
[debug] [2025-12-01T22:46:11.557Z] >>> [apiv2][query] POST https://run.googleapis.com/v1/projects/cm-aquiraz/locations/us-central1/services/sendpushnotification:setIamPolicy [none]
[debug] [2025-12-01T22:46:11.557Z] >>> [apiv2][body] POST https://run.googleapis.com/v1/projects/cm-aquiraz/locations/us-central1/services/sendpushnotification:setIamPolicy {"policy":{"bindings":[{"role":"roles/run.invoker","members":["allUsers"]}],"etag":"","version":3},"updateMask":"bindings,etag,version"}
[debug] [2025-12-01T22:46:12.990Z] <<< [apiv2][status] POST https://run.googleapis.com/v1/projects/cm-aquiraz/locations/us-central1/services/sendpushnotification:setIamPolicy 200
[debug] [2025-12-01T22:46:12.990Z] <<< [apiv2][body] POST https://run.googleapis.com/v1/projects/cm-aquiraz/locations/us-central1/services/sendpushnotification:setIamPolicy {"version":1,"etag":"BwZE678D87Q=","bindings":[{"role":"roles/run.invoker","members":["allUsers"]}]}
[info] ✔  functions[sendPushNotification(us-central1)] Successful create operation. 
[debug] [2025-12-01T22:46:12.998Z] Total Function Deployment time: 167016
[debug] [2025-12-01T22:46:12.998Z] 2 Functions Deployed
[debug] [2025-12-01T22:46:12.998Z] 1 Functions Errored
[debug] [2025-12-01T22:46:12.998Z] 0 Function Deployments Aborted
[debug] [2025-12-01T22:46:12.998Z] Average Function Deployment time: 92833.5
[info] 
[info] Functions deploy had errors with the following functions:
	sendPanicNotification(us-central1)
[info] Function URL (sendPushNotification(us-central1)): https://us-central1-cm-aquiraz.cloudfunctions.net/sendPushNotification
[debug] [2025-12-01T22:46:14.283Z] Checked if tokens are valid: true, expires at: 1764630839878
[debug] [2025-12-01T22:46:14.283Z] Checked if tokens are valid: true, expires at: 1764630839878
[debug] [2025-12-01T22:46:14.283Z] >>> [apiv2][query] GET https://artifactregistry.googleapis.com/v1/projects/cm-aquiraz/locations/us-central1/repositories/gcf-artifacts [none]
[debug] [2025-12-01T22:46:15.545Z] <<< [apiv2][status] GET https://artifactregistry.googleapis.com/v1/projects/cm-aquiraz/locations/us-central1/repositories/gcf-artifacts 200
[debug] [2025-12-01T22:46:15.546Z] <<< [apiv2][body] GET https://artifactregistry.googleapis.com/v1/projects/cm-aquiraz/locations/us-central1/repositories/gcf-artifacts {"name":"projects/cm-aquiraz/locations/us-central1/repositories/gcf-artifacts","format":"DOCKER","description":"This repository is created and used by Cloud Functions for storing function docker images.","labels":{"goog-managed-by":"cloudfunctions"},"createTime":"2025-12-01T22:44:51.602953Z","updateTime":"2025-12-01T22:45:50.616727Z","mode":"STANDARD_REPOSITORY","sizeBytes":"98380993","vulnerabilityScanningConfig":{"lastEnableTime":"2025-12-01T22:44:43.069648482Z","enablementState":"SCANNING_DISABLED","enablementStateReason":"API containerscanning.googleapis.com is not enabled."},"satisfiesPzi":true,"registryUri":"us-central1-docker.pkg.dev/cm-aquiraz/gcf-artifacts"}
[warn] ⚠  functions: No cleanup policy detected for repositories in us-central1. This may result in a small monthly bill as container images accumulate over time. 
[info] i  functions: Configuring cleanup policy for repository in us-central1. Images older than 1 days will be automatically deleted. 
[debug] [2025-12-01T22:46:15.568Z] Setting up artifact cleanup policy for region us-central1
[debug] [2025-12-01T22:46:15.568Z] Checked if tokens are valid: true, expires at: 1764630839878
[debug] [2025-12-01T22:46:15.568Z] Checked if tokens are valid: true, expires at: 1764630839878
[debug] [2025-12-01T22:46:15.568Z] >>> [apiv2][query] PATCH https://artifactregistry.googleapis.com/v1/projects/cm-aquiraz/locations/us-central1/repositories/gcf-artifacts updateMask=name%2CcleanupPolicies%2CcleanupPolicyDryRun%2Clabels
[debug] [2025-12-01T22:46:15.568Z] >>> [apiv2][body] PATCH https://artifactregistry.googleapis.com/v1/projects/cm-aquiraz/locations/us-central1/repositories/gcf-artifacts {"name":"projects/cm-aquiraz/locations/us-central1/repositories/gcf-artifacts","cleanupPolicies":{"firebase-functions-cleanup":{"id":"firebase-functions-cleanup","condition":{"tagState":"ANY","olderThan":"86400s"},"action":"DELETE"}},"cleanupPolicyDryRun":false,"labels":{"goog-managed-by":"cloudfunctions"}}
[debug] [2025-12-01T22:46:16.582Z] <<< [apiv2][status] PATCH https://artifactregistry.googleapis.com/v1/projects/cm-aquiraz/locations/us-central1/repositories/gcf-artifacts 200
[debug] [2025-12-01T22:46:16.583Z] <<< [apiv2][body] PATCH https://artifactregistry.googleapis.com/v1/projects/cm-aquiraz/locations/us-central1/repositories/gcf-artifacts {"name":"projects/cm-aquiraz/locations/us-central1/repositories/gcf-artifacts","format":"DOCKER","description":"This repository is created and used by Cloud Functions for storing function docker images.","labels":{"goog-managed-by":"cloudfunctions"},"createTime":"2025-12-01T22:44:51.602953Z","updateTime":"2025-12-01T22:46:16.571499Z","mode":"STANDARD_REPOSITORY","cleanupPolicies":{"firebase-functions-cleanup":{"id":"firebase-functions-cleanup","action":"DELETE","condition":{"tagState":"ANY","olderThan":"86400s"}}},"vulnerabilityScanningConfig":{"lastEnableTime":"2025-12-01T22:44:43.069648482Z","enablementState":"SCANNING_DISABLED","enablementStateReason":"API containerscanning.googleapis.com is not enabled."},"satisfiesPzi":true}
[info] i  functions: Configured cleanup policy for repository in us-central1. 
[debug] [2025-12-01T22:46:16.583Z] Functions deploy failed.
[debug] [2025-12-01T22:46:16.584Z] {
  "endpoint": {
    "id": "sendPanicNotification",
    "project": "cm-aquiraz",
    "region": "us-central1",
    "entryPoint": "sendPanicNotification",
    "platform": "gcfv2",
    "runtime": "nodejs22",
    "eventTrigger": {
      "eventType": "google.firebase.database.ref.v1.created",
      "retry": false,
      "eventFilters": {},
      "eventFilterPathPatterns": {
        "ref": "notifications/{notificationId}",
        "instance": "*"
      },
      "region": "us-central1"
    },
    "labels": {
      "deployment-tool": "cli-firebase"
    },
    "serviceAccount": null,
    "ingressSettings": null,
    "availableMemoryMb": null,
    "timeoutSeconds": null,
    "maxInstances": null,
    "minInstances": null,
    "concurrency": 80,
    "vpc": null,
    "environmentVariables": {
      "FIREBASE_CONFIG": "{\"projectId\":\"cm-aquiraz\",\"databaseURL\":\"https://cm-aquiraz-default-rtdb.firebaseio.com\",\"storageBucket\":\"cm-aquiraz.firebasestorage.app\"}",
      "GCLOUD_PROJECT": "cm-aquiraz",
      "EVENTARC_CLOUD_EVENT_SOURCE": "projects/cm-aquiraz/locations/us-central1/services/sendPanicNotification"
    },
    "codebase": "default",
    "cpu": 1,
    "targetedByOnly": false,
    "hash": "36074ba851ab757cd717502fa2dd58254225c6cb"
  },
  "op": "create",
  "original": {
    "name": "FirebaseError",
    "children": [],
    "context": {
      "function": "projects/cm-aquiraz/locations/us-central1/functions/sendPanicNotification"
    },
    "exit": 1,
    "message": "Failed to create function projects/cm-aquiraz/locations/us-central1/functions/sendPanicNotification",
    "original": {
      "name": "FirebaseError",
      "children": [],
      "context": {
        "body": {
          "error": {
            "code": 400,
            "message": "Validation failed for trigger projects/cm-aquiraz/locations/us-central1/triggers/sendpanicnotification-591276: Invalid resource state for \"\": Permission denied while using the Eventarc Service Agent. If you recently started to use Eventarc, it may take a few minutes before all necessary permissions are propagated to the Service Agent. Otherwise, verify that it has Eventarc Service Agent role.",
            "status": "FAILED_PRECONDITION"
          }
        },
        "response": {
          "statusCode": 400
        }
      },
      "exit": 1,
      "message": "Request to https://cloudfunctions.googleapis.com/v2/projects/cm-aquiraz/locations/us-central1/functions?functionId=sendPanicNotification had HTTP Error: 400, Validation failed for trigger projects/cm-aquiraz/locations/us-central1/triggers/sendpanicnotification-591276: Invalid resource state for \"\": Permission denied while using the Eventarc Service Agent. If you recently started to use Eventarc, it may take a few minutes before all necessary permissions are propagated to the Service Agent. Otherwise, verify that it has Eventarc Service Agent role.",
      "status": 400
    },
    "status": 400,
    "code": 400
  }
}
[debug] [2025-12-01T22:46:16.703Z] Error: Failed to create function sendPanicNotification in region us-central1
    at /opt/homebrew/lib/node_modules/firebase-tools/lib/deploy/functions/release/fabricator.js:306:27
    at process.processTicksAndRejections (node:internal/process/task_queues:105:5)
    at async Fabricator.createV2Function (/opt/homebrew/lib/node_modules/firebase-tools/lib/deploy/functions/release/fabricator.js:290:30)
    at async Fabricator.createEndpoint (/opt/homebrew/lib/node_modules/firebase-tools/lib/deploy/functions/release/fabricator.js:137:13)
    at async handle (/opt/homebrew/lib/node_modules/firebase-tools/lib/deploy/functions/release/fabricator.js:89:17)
[error] 
[error] Error: There was an error deploying functions
